,major_ISCO,major_jobs,openings,sub_major_ISCO,unit_group_ISCO,careers_in_major
8,33,BUSINESS AND ADMINISTRATION ASSOCIATE PROFESSIONALS,31512.208,"['331', '332', '333', '334']","{'331': ['3311', '3312', '3313', '3314'], '332': ['3321', '3322', '3323', '3324'], '333': ['3331', '3332', '3333', '3334', '3339'], '334': ['3341', '3342', '3343', '3344']}","['Currency broker', 'Exchange broker', 'Institutional broker', 'Money broker', 'Options broker', 'Securities broker', 'Stockbroker', 'Stock exchange agent', 'Stock exchange broker', 'Advertising assistant (Finance and sales professionals)', 'Bids clerk', 'Bids engineer', 'Bids manager', 'Business adviser; shop', 'Car service manager', 'Company adviser', 'Company economic adviser', 'Cost estimator', 'Credit adviser', 'Credit clerk', 'Credit investigator', 'Credit manager', 'Credit officer', 'Credit rating officer', 'Credit supervisor', 'Customer attendant (garage)', 'Department head (bank)', 'Estimating clerk', 'Estimating engineer', 'Estimating manager', 'Estimating officer', 'Group director (bank)', 'Loans controller', 'Loans manager', 'Market assistant', 'Order clerk', 'Order distributor', 'Order engineer', 'Order manager', 'Order planner', 'Pricing officer', 'Print shop supervisor', 'Private economic adviser', 'Production supervisor (printing)', 'Purchasing supervisor (printing)', 'Quantity surveyor (construction)', 'Service adviser (garage)', 'Service manager (garage)', 'Shop adviser', 'Shop supervisor (garage)', 'Supervisor (garage)', 'Tenderer', 'Trust manager (bank)', 'Trust officer (bank)', 'Account examiner', 'Accounting assistant', 'Audit assistant', ""Auditor's assistant"", 'Bookkeeper', 'Checking clerk', 'Chief accountant (bookkeepers; statistical; mathematical and related professionals)', 'Farm accountant', 'Ledger clerk', 'Machine accountant', 'Statistics clerk', 'Boat damages inspector', 'Civil claims adjuster', 'Civil damages inspector', 'Claims adjuster', 'Claims inspector (insurance)', 'Customer clerk (insurance)', 'Damages engineer (insurance)', 'Damages inspector (insurance)', 'Damages technician', 'Field claims adjuster', 'Field officer (insurance)', 'Fire claims adjuster', 'Inspection engineer (insurance)', 'Inspector (insurance)', 'Insurance adviser', 'Insurance agent', 'Insurance broker', 'Insurance clerk', 'Insurance consultant', 'Insurance expert', 'Insurance investigator', 'Insurance officer', 'Insurance seller', 'Marine surveyor', 'Motor claims adjuster', 'Personal claims adjuster', 'Rate setter', 'Risk engineer', 'Risk evaluator', 'Spare time insurance agent', 'Underwriter', ""Underwriter's assistant"", 'Vehicle damage inspector (insurance)', 'Advertising seller (Technical and commercial sales representatives)', 'Agent (retail)', 'Agent (service company)', 'Canvasser', 'Export adviser', 'Export salesperson', 'Export seller', 'Field sales representative', 'Head seller', 'In-house salesperson', 'Sales adviser', 'Buyer', 'Buying supervisor', 'Purchasing engineer', 'Purchasing planner', 'Purchasing technician', 'Regrater', 'Commercial agent; wholesale', 'Wholesale agent', 'Airfreight agent', 'Customs clearance officer', 'Customs clerk', 'Customs manifest draftsman', 'Customs representative', 'Export forwarder', 'Forwarding agent', 'Forwarding clerk (clearing and forwarding agents)', 'Forwarding supervisor', 'Import forwarder', ""Ship's agent"", 'Shipping agent (clearing and forwarding agents)', 'Conference manager', 'Employment officer', 'Area administrator', ""Broker's assistant"", 'Estate director', 'Estate manager', 'Housing administrator', 'Housing agent', 'Housing inspector', 'Housing manager', 'Leasing manager', 'Letting agent', 'Operations manager (property)', 'Real estate administrator', 'Real estate agent', 'Real estate assistant', 'Real estate book-keeper', 'Real estate broker', 'Real estate inspector', 'Real estate manager', 'Real estate secretary', 'Rent adviser', 'Rent inspector', 'Rent supervisor', 'Advertising seller (door-to-door and telephone salespersons; shop sales persons and demonstrators)', 'Agent (music)', 'Aircraft broker', ""Artists' agent"", ""Artists' booking agent"", 'Auction assistant', 'Auctioneer', ""Auctioneer's assistant"", 'Booking agent', 'Business administrator', 'Charterer', 'Chief auctioneer', 'Distribution supervisor', 'Literary agent', 'Manager', 'Patent consultant', 'Quality auditor', 'Quality coordination adviser', 'Ship-broker', 'Shipping agent (business services agents and trade brokers)', 'Shipping company agent', 'Shipping master', 'Shipping planner', 'Sports agent', 'Transport administrator', 'Transport adviser', 'Transport coordinator', 'Transport engineer', 'Transport planner', 'Chief clerk', 'Office manager (medical care)', 'Office manager (public administration)', 'Office manager (warehouse)', 'Legal secretary', 'Adman', 'Administrative assistant', 'Admissions secretary (education)', 'Association secretary (interest group society)', 'Continuing training secretary', 'Course administrator', 'Cultural secretary', 'Division secretary', 'Educational administrator', 'Educational assistant', 'Educational secretary', 'Executive secretary', 'Institutional secretary', 'Management secretary', ""Managing director's secretary"", 'Municipal clerk', 'Municipal officer', 'Population registry assistant', 'Programme secretary', 'Research commission secretary', ""Restaurant manager's assistant"", 'Sales operations secretary', 'Sales secretary', 'School secretary', 'Study administrator', 'Study adviser (administrative secretaries and related associate professionals)', 'Study assistant', 'Study secretary', 'Trade secretary', 'Trade union secretary', 'Clinical assistant', 'Clinical secretary', 'Medical secretary']"
14,52,SALES WORKERS,29380.029,"['521', '522', '523', '524']","{'521': ['5211', '5212'], '522': ['5221', '5222', '5223'], '523': ['5230'], '524': ['5241', '5242', '5243', '5244', '5245', '5246']}","['Kiosk assistant', 'Kiosk owner', 'Market salesperson', 'Market vendor', 'Street seller', 'Street seller', 'Retail dealer', 'Shop director', 'Shop manager (general managers of restaurants and hotels; general managers in wholesale and retail trade; general managers in transport; storage and communications)', 'Shop manager (production and operations department managers in wholesale and retail trade; production and operations department managers in restaurants and hotels; production and operations department managers in transport; storage and communications)', 'Shop owner', 'Shop supervisor', 'Retail dealer', 'Shop director', 'Shop manager (general managers of restaurants and hotels; general managers in wholesale and retail trade; general managers in transport; storage and communications)', 'Shop manager (production and operations department managers in wholesale and retail trade; production and operations department managers in restaurants and hotels; production and operations department managers in transport; storage and communications)', 'Shop owner', 'Shop supervisor', 'Boat seller', 'Caravan seller', 'Car seller', 'Car spare parts assistant', 'Customer service assistant', 'Filling station assistant', 'Grocery assistant', 'Media seller', 'Sales assistant', 'Sales clerk', 'Salesperson (antiquities)', 'Salesperson (books; stationery)', 'Salesperson (convenience goods)', 'Salesperson (electronics/telecoms)', 'Salesperson (flowers)', 'Salesperson (furniture; household items)', ""Salesperson (grocer's)"", 'Salesperson (groceries)', 'Salesperson (machinery; building materials)', 'Salesperson (music shop)', 'Salesperson (paint shop)', 'Salesperson (pet shop)', 'Salesperson (photographic items)', 'Salesperson (ready-made clothing)', 'Salesperson (retail)', 'Salesperson (specialised trade)', 'Salesperson (sports; toys)', 'Salesperson (supermarket)', 'Salesperson (textiles; shoes; leather)', 'Salesperson (tobacco; etc.)', 'Salesperson (watches; eyeglasses; goldware)', 'Salesperson (wholesale)', 'Salesperson (wine; spirits)', 'Shop assistant', ""Shop assistant (butcher's)"", 'Shop assistant (convenience goods)', 'Shop attendant', 'Spare parts clerk', 'Spare parts salesperson', 'Spirits cashier', 'Car-park ticket seller', 'Cash desk assistant (cafeteria)', 'Cash desk assistant (restaurant)', 'Cashier', 'Cashier assistant', 'Cash office worker', 'Church cashier', 'Cinema cashier', 'Farming cashier', 'Hotel cashier', 'Information cashier (shop)', 'Office cashier', 'Public baths cashier', 'Restaurant cashier', 'Shop cashier', 'Theatre cashier', 'Ticket seller', 'Union treasurer', ""Artist's model"", 'Fashion model', 'Model', ""Photographer's model"", 'Demonstrator', 'Shop demonstrator', 'Home seller', 'Telemarketer', 'Telephone canvasser', 'Telephone communicator', 'Petrol station assistant', 'Petrol station manager', 'Service attendant', 'Caf?? assistant']"
3,23,TEACHING PROFESSIONALS,20138.892,"['231', '232', '233', '234', '235']","{'231': ['2310'], '232': ['2320'], '233': ['2330'], '234': ['2341', '2342'], '235': ['2351', '2352', '2353', '2354', '2355', '2356']}","['College teacher of artistic subjects', 'College teacher of biology; chemistry; geology', 'College teacher of computer science; system science', 'College teacher of culture; information', 'College teacher of economics; administration; social science', 'College teacher of history; philosophical subjects', 'College teacher of law; social sciences', 'College teacher of linguistic subjects', 'College teacher of mathematics; physics', 'College teacher of medical subjects', 'College teacher of music', 'College teacher of nursing subjects', 'College teacher of pedagogy', 'College teacher of psychology; social subjects', 'College teacher of technological subjects', 'Language teacher at college level', 'Music teacher at college level', 'University teacher (art and design)', 'University teacher (biology; chemistry; geology)', 'University teacher (computer science; systems science)', 'University teacher (culture; information)', 'University teacher (economics; administration; social sciences)', 'University teacher (history and philosophy)', 'University teacher (languages and linguistics)', 'University teacher (law; social sciences)', 'University teacher (mathematics; physics)', 'University teacher (medicine)', 'University teacher (music)', 'University teacher (nursing)', 'University teacher (pedagogy)', 'University teacher (psychology; social subjects)', 'University teacher (technology)', 'Automation teacher', 'Child care teacher', 'Commerce teacher', 'Craft teacher', 'Electrical engineering and telecommunications technology teacher', 'Electrical technology teacher', 'Electronics teacher', 'Forestry teacher', 'Gardening teacher', 'Handicrafts teacher', 'Healthcare teacher', 'Metal processing teacher', 'Natural resource management teacher', 'Needlework teacher', 'Photography teacher', 'Plumbing; heating and ventilation instructor', 'Power management instructor', 'Rhythmics teacher', 'Sewing teacher', 'Subject teacher (economics)', 'Teacher (adult education centre)', 'Teacher (baking and confectionery)', 'Teacher of aeronautics', 'Teacher of animation', 'Teacher of automotive technology', 'Teacher of business studies and administration', 'Teacher of butchery and meat processing', 'Teacher of car body work', 'Teacher of childcare and recreation studies', 'Teacher of construction steel sheet work', 'Teacher of construction work', 'Teacher of dancing and drama', 'Teacher of electrical installation work', 'Teacher of farming and forestry', 'Teacher of food production', 'Teacher of home and consumer economics', 'Teacher of hotel and catering studies', 'Teacher of house building and civil engineering', 'Teacher of industrial work', 'Teacher of institutional catering', 'Teacher of media science', 'Teacher of nursing', 'Teacher of operational and energy technologies', 'Teacher of ship technology', 'Teacher of sound and music', 'Teacher of technology', 'Teacher of textile and clothing technology', 'Teacher of textile craft and woodwork', 'Teacher of textile science', 'Teacher of transport-related subjects', 'Teacher of woodwork and metalwork', 'Teacher specialising in published and print media', 'Textiles teacher', 'Vocational teacher of maritime studies', 'Weaving teacher', 'Woodwork teacher', 'Classical languages teacher', 'Drawing teacher', 'Farming teacher', 'Geography teacher', 'Home economics teacher', 'Language teacher in secondary school', 'Secondary school teacher of economics', 'Secondary school teacher of history and social sciences', 'Secondary school teacher of languages', 'Secondary school teacher of mathematics and natural sciences', 'Senior secondary school teacher of economics', 'Senior secondary school teacher of history and social sciences', 'Senior secondary school teacher of languages', 'Senior secondary school teacher of mathematics and natural sciences', 'Senior secondary school teacher of technology', 'Subject teacher (history; social sciences)', 'Teacher of mathematics and natural sciences', 'Teacher of music', 'Teacher of painting techniques', 'Teacher of social sciences and behavioural science', 'Class teacher (forms 1-3)', 'Class teacher (forms 1-7)', 'Class teacher (forms 4-7)', 'Compulsory school teacher (forms 1-7)', 'Compulsory school teacher (forms 4-9)', 'Compulsory school teacher (upper forms)', 'Freinet teacher', 'Language teacher (compulsory education)', 'Middle school teacher', 'Montessori teacher', 'Primary school teacher', 'Subject teacher', 'Teacher in Waldorf school', 'Teacher specialising in work with immigrants', 'Director (after-school centre)', 'Kindergarten director', 'Montessori practitioner', 'Native language teacher (pre-primary school)', 'Playground supervisor', 'Play therapist', 'Preschool teacher', 'Recreational activities supervisor', 'Recreation studies teacher', 'Supply teacher', 'Waldorf practitioner (after-school centre)', 'Waldorf practitioner (preschool)', 'Adviser (matters of further education)', 'Audiological adviser', 'Course developer', 'Educational consultant', 'Peripatetic teacher', 'Preschool adviser', 'School adviser', 'Study instructor (education methods specialists; school inspectors)', 'Teaching aids manager', 'Training adviser', 'Remedial educator', 'Remedial teacher', 'Remedial teacher in secondary school', 'Sign language teacher', 'Specialist pedagogue in speech and language therapy', 'Special needs teacher', 'Special pedagogue for the hearing impaired', 'Special pedagogue for the visually impaired', 'Special teacher for the hearing impaired', 'Special teacher for the visually impaired', 'Special teacher in remedial school', 'Speech therapist (special education teaching associate professionals; other teaching associate professionals)', 'Teacher (hearing impaired)', 'Teacher for students with a speech or language impairment', 'Teacher for the visually-impaired', 'Teacher of the deaf', 'Voice therapist', 'Home language trainer', 'Language teacher', 'Language teacher (immigrants)', 'Certified music teacher', 'Choir leader', 'Musical trainer', 'Music educator', 'Music instructor', 'Music teacher', 'Music teacher at a music school', 'Pedagogue (singing)', 'Singing teacher', 'Art teacher', 'Dance educator', 'Drama educator', 'Drama teacher', 'Eurhythmics teacher', 'Mime teacher', 'Computer instructor', 'Computer teacher', 'Computer trainer', 'Computing teacher', 'IT teacher']"
22,91,CLEANERS AND HELPERS,19652.222,"['911', '912']","{'911': ['9111', '9112'], '912': ['9121', '9122', '9123', '9129']}","['Au pair', 'Child sitter', 'Child sitter (occasional)', 'Domestic cleaner', 'Domestic helper', 'Domestic worker', 'Housekeeper', 'Nanny', 'Aircraft cleaner', 'Attendant', 'Bar assistant', 'Breakfast assistant', 'Breakfast host/hostess', 'Cleaner (helpers and cleaners in offices; hotels and other establishments)', 'Cleaner (ship)', 'Cleaning worker', 'Hospital cleaner', 'Hotel cleaner', 'House cleaner', 'Industry cleaner', 'Laboratory dishwasher', 'Office cleaner', 'Stairs cleaner', 'Team supervisor (cleaning)', 'Dry-cleaner', 'Furniture washer', 'Ironer', 'Washer', 'Washing assistant', 'Air terminal inspector', 'Air terminal inspector', 'Railway car cleaner', 'Window cleaner', 'Carpet washer', 'Cleaner-up', 'Construction site cleaner']"
21,83,DRIVERS AND MOBILE PLANT OPERATORS,18302.284,"['831', '832', '833', '834', '835']","{'831': ['8311', '8312'], '832': ['8321', '8322'], '833': ['8331', '8332'], '834': ['8341', '8342', '8343', '8344'], '835': ['8350']}","['Engine-driving instructor', 'Industrial engine driver', 'Railcar driver', 'Railway locomotive driver', 'Shuttle train driver', 'Tramway coach driver', 'Underground train driver', 'Depot engine driver (tunnel train)', 'Radio engine driver', 'Rail guard', 'Railway car coupler', 'Railway yard operator', 'Shunter', 'Shunter driver', 'Shunting supervisor (locomotive-engine drivers)', 'Shunting supervisor (railway brakers; signallers and shunters)', 'Train dispatcher (railway yard)', 'Moped delivery driver', 'Motorcycle delivery driver', 'Car driver', 'Delivery car driver', 'Delivery van driver', 'Limousine driver', 'Passenger car driver', 'Private chauffeur', 'Taxi driver', 'Bus driver', 'Mobility service bus driver', 'Mobility service driver', 'Tram driver', 'Breakdown-lorry driver', 'Car pilot', 'Distribution van driver', 'Distributor (seller)', 'Dumper driver', 'International driver', 'International driver (lorry)', 'Longhaul driver', 'Lorry driver', 'Mobile library driver', 'Refuse lorry driver', 'Sludge lorry driver', 'Tank lorry driver', 'Timber lorry driver', 'Trailer tractor driver', 'Combine harvester driver', 'Debarker operator (forestry)', 'Forest machine operator', 'Forest tractor driver', 'Hauler driver', 'Logging machine driver', 'Machine operator (agriculture)', 'Process operator (forestry)', 'Tractor driver (farming)', 'Asphalt paver driver', 'Concrete pump operator', 'Crawler tractor driver', 'De-icer', 'De-icing machine driver', 'Dredger operator', 'Excavator operator', 'Ground work machine driver', 'Ice-making machine driver', 'Loader driver', 'Loader driver (mine)', 'Machine driver', 'Paver driver', 'Piling machine operator', 'Piste machine operator', 'Piste maker', 'Road grader driver', 'Road-roller driver', 'Roadsweeper operator', 'Street cleaning machine driver', 'Surveyor operator', 'Wheel loader driver', 'Bridge crane operator', 'Building crane operator', 'Crane operator', 'Floating crane operator', 'Lift attendant', 'Mobile crane operator', 'Overhead crane operator', 'Portal crane operator', 'Ropeway operator', 'Ski lift attendant', 'Ski lift operator', 'Telpher operator', 'Tower crane operator', 'Fork-lift truck driver', 'Stacker (timber yard)', 'Tractor driver (industry)', 'Able seaman', 'Boatswain', 'Deck hand', 'Deck hand apprentice', 'Lighthouse keeper', 'Lighthouse  supervisor', 'Ordinary seaman', 'Pump operator', 'Seaman', ""Ship's purser""]"
4,24,BUSINESS AND ADMINISTRATION PROFESSIONALS,17461.194,"['241', '242', '243']","{'241': ['2411', '2412', '2413'], '242': ['2421', '2422', '2423', '2424'], '243': ['2431', '2432', '2433', '2434']}","['Accountant', 'Accounting controller', 'Auditor', 'Budget planner', 'Business controller', 'Chief auditor', 'Corporate controller', 'Examiner (audit)', 'Financial controller', 'Internal auditor', 'Management accountant', 'Municipal auditor', 'Port accountant', 'Adviser (private economy)', 'Asset manager', 'Budget secretary', 'Financial consultant', 'Investment adviser', 'Stock market analyst', 'Financial analyst', 'Administrative developer', 'Business activity adviser', 'Business administration investigator', 'Business adviser', 'Business consultant', 'Office efficiency adviser', 'Organisational consultant', 'Organisational developer', 'Quality manager', 'Administrative developer', 'Business activity adviser', 'Business administration investigator', 'Business adviser', 'Business consultant', 'Office efficiency adviser', 'Organisational consultant', 'Organisational developer', 'Quality manager', 'Careers guidance officer', 'Employee consultant', 'Personnel administrator', 'Personnel officer', 'Recruitment officer', 'Recruitment researcher', 'School careers assistant', 'Staff assistant', 'Study adviser (personnel and careers professionals)', 'Study and careers adviser', 'Staff development officer', 'Staff education officer', 'Staff expert', 'Staff representative', 'Staff training consultant', 'Staff training manager', 'Staff training planner', 'Advertising adviser', 'Advertising assistant (Business professionals)', 'Advertising consultant', 'Advertising editor', 'Advertising inspector', 'Advertising producer', 'Advertising writer', 'Copywriter', 'Lettering artist (advertising and publicity)', 'Market analyst', 'Market communicator', 'Market consultant', 'Market coordinator', 'Market engineer', 'Marketer', 'Market investigator', 'Market planner', 'PR assistant', 'PR consultant', 'Product manager (marketing)', 'Project manager (advertising)', 'Trailer producer', 'Information assistant', 'Information consultant', 'Information expert', 'Information provider', 'Media consultant', 'Media planner', 'Press agent', 'Press secretary', 'Food adviser', 'Ideas seller', 'Sales engineer', 'Technical seller', 'Food adviser', 'Ideas seller', 'Sales engineer', 'Technical seller']"
15,53,PERSONAL CARE WORKERS,15579.958,"['531', '532']","{'531': ['5311', '5312'], '532': ['5321', '5322', '5329']}","['Childcarer', 'Childminder', 'Day-care childminder', 'Family nursery childminder', 'Peer supporter', 'Assistant (care of the learning disabled)', ""Educator's assistant"", ""Pupils' assistant"", ""Teacher's assistant"", 'Assistant nurse', 'Assistant nurse (sterilisation centre)', 'Child rehabilitation assistant', ""Children's and young people's attendant"", 'Dialysis assistant', 'Home care assistant (institution-based personal care workers)', 'Patient supervisor', 'Physiotherapy assistant', 'Respirator attendant', 'Surgical assistant', 'Therapy assistant', 'Work therapy assistant', 'Activities of daily life assistant', ""Disabled person's assistant"", ""Disabled person's nurse"", 'Home care assistant (companions; valets and home-based personal care workers)', 'Home help', 'Home help assistant', 'Home therapist', 'Personal assistant', 'Relief assistant', 'Support person', 'Autopsy assistant', 'Autopsy attendant', 'Group leader (care of the disabled)', 'Laboratory assistant (personal care and related workers)', 'Pharmacy assistant', 'Swimming pool attendant (hospital)']"
2,22,HEALTH PROFESSIONALS,14452.205,"['221', '222', '223', '224', '225', '226']","{'221': ['2211', '2212'], '222': ['2221', '2222'], '223': ['2230'], '224': ['2240'], '225': ['2250'], '226': ['2261', '2262', '2263', '2264', '2265', '2266']}","['Chief company doctor', 'Chief school doctor', 'Company doctor', 'Family doctor', 'Medical officer', 'Medical practitioner (general practitioner)', 'Panel doctor', 'Pre-registration primary care physician', 'School doctor', 'Social medical officer', 'Immunologist', 'Allergist', 'Anaesthesiology specialist', 'Anaesthetist', 'Army surgeon', 'Autopsist', 'Cancer specialist', 'Cardiologist', 'Child psychiatrist', ""Children's specialist"", 'Clinical chemistry specialist', 'Clinical cytologist', 'Clinical geneticist', 'Clinical immunologist', 'Clinical neurophysiologist', 'Clinical pathologist', 'Clinical pharmacologist', 'Clinical physiologist', 'Clinical virologist', 'Cytodiagnostician', 'Dermatologist', 'Endocrinologist', 'Epidemiologist', 'Epidemiology specialist', 'Forensic psychiatrist', 'Gastroenterologist', 'Geriatrician', 'Gynaecologist', 'Haematologist', 'Hand surgeon', 'Immunologist', 'Infectious diseases specialist', 'Internal medicine specialist', 'Medical examiner', 'Medical practitioner (child specialist)', 'Medical practitioner (clinical chemistry specialist)', 'Medical practitioner (clinical nutrition)', 'Medical practitioner (industrial health care)', 'Medical practitioner (infectious diseases)', 'Medical practitioner (internal medicine specialist)', 'Medical practitioner (nuclear medicine specialist)', 'Medical practitioner (operations specialist)', 'Medical practitioner (psychiatric specialist)', 'Medical practitioner (radiology specialist)', 'Medical practitioner (school health care)', 'Medical practitioner (skin and venereal diseases)', 'Medical practitioner (social medicine)', 'Medical practitioner (social medicine specialist )', 'Medical rehabilitation specialist', 'Nephrologist', 'Neurologist', 'Neurophysiologist', 'Neurosurgeon', 'Occupational medicine specialist', 'Oncologist', 'Ophthalmologist', 'Orthopaedist', 'Otologist', 'Paediatrician', 'Paediatric surgeon', 'Pain relief specialist', 'Pathologist', 'Plastic surgeon', 'Psychiatrist', 'Public medico-legal officer', 'Pulmonary specialist', 'Radiologist', 'Regimental surgeon', 'Rehabilitation specialist', 'Rheumatologist', 'Social medicine specialist', 'Speech therapist (medical doctors)', 'Surgeon', 'Thoracic surgeon', 'Transfusion specialist', 'Tumour specialist', 'Urologist', 'Venereologist', 'X-ray specialist', 'Charge nurse (ward/surgery)', 'Chief dental nurse', 'Chief nurse', 'Dental nurse', 'Dental nurse (prophylactic care)', 'Dental nurse (prosthetic care)', 'Group leader (nursing)', 'Head nurse (ward/surgery)', 'Home care nurse', 'Hospital dental nurse', 'Hygiene nurse', 'Laboratory nurse', 'Nurse (ambulance driver)', 'Nurse (surgery department)', 'Nursing teacher', 'Operating theatre nurse', 'Midwife', 'Midwife (delivery ward)', 'Midwife (maternity ward)', 'Midwife (primary care)', 'Acupuncturist', 'Homeopath', 'Natural therapist', 'Zone therapist', 'Acupuncturist', 'Homeopath', 'Natural therapist', 'Zone therapist', 'Animal welfare officer', 'City veterinary officer', 'Clinical veterinary surgeon', 'Epizootiologist', 'Meat inspector', 'Military veterinary officer', 'Veterinarian (border control)', 'Veterinary officer', 'Veterinary surgeon', 'Veterinary surgeon (animal hospital)', 'Veterinary surgeon (artificial insemination)', 'Veterinary Surgeon (Laboratory)', 'Chief dental officer', 'Dental officer', 'Dental specialist', 'Dentist', 'Hospital dentist', 'Orthodontist', 'Drug adviser', 'Drug inspector', 'Graduate pharmacist (pharmacy)', 'Hospital pharmacist', 'Information pharmacist', 'Pharmacist', 'Pharmacist (industry)', 'Environmental and sanitary inspector', 'Environmental auditor', 'Environmental supervisor', 'Ergonomist', 'Radiation protection engineer', 'Staff welfare adviser', 'Staff welfare officer', 'Working environment inspector', 'Adviser (motor impaired)', 'Chief physiotherapist', 'Company physiotherapist', 'Exercise teacher (motion therapy)', 'Foot therapist', 'Physiotherapist', 'Diet adviser', 'Dietary director', 'Diet economist', 'Dietitian', 'Nutrition adviser', 'Nutritionist', 'Nutrition physiologist', 'Nutrition scientist', 'Adviser (hearing impaired)', 'Audiologist', 'Audiology assistant', 'Audiometrist', 'Speech therapist (health professionals)', 'Therapist (hearing impaired)']"
6,31,SCIENCE AND ENGINEERING ASSOCIATE PROFESSIONALS,14059.942,"['311', '312', '313', '314']","{'311': ['3111', '3112', '3113', '3114', '3115'], '312': ['3121', '3122', '3123'], '313': ['3131', '3132', '3133', '3134'], '314': ['3141', '3142', '3143']}","['Geology assistant', 'Hydrology assistant', 'Instrument engineer (physics)', 'Laboratory animal technician', 'Laboratory assistant (chemistry)', 'Laboratory assistant (physics)', 'Laboratory engineer (chemistry)', 'Laboratory engineer (physics)', 'Laboratory technician (chemistry)', 'Laboratory technician (physics)', 'Materials tester (physics)', 'Measurement engineer (physics)', 'Meteorology assistant', 'Microscopist', 'Physiology laboratory assistant', 'Research laboratory assistant (chemistry)', 'Research laboratory assistant (physics)', 'Air terminal inspector', 'Assembly engineer (construction)', 'Assembly supervisor (construction)', 'Bridge engineer', 'Building consultant', 'Building designer', 'Building engineer', 'Building inspector', 'Building surveyor', 'Calculation engineer', 'City engineer', 'Civil engineer', 'Concrete engineer', 'Construction engineer', 'Control technician (construction)', 'Fire engineer', 'Fire protection engineer', 'Fire safety inspector (building and fire inspectors)', 'Ground works engineer', 'Maintenance engineer (construction)', 'Maintenance technician (construction)', 'Measurement engineer', 'Measurement supervisor', 'Measurement technician', 'Mine surveyor', 'Operations engineer (construction)', 'Operations technician (construction)', 'Performance improvement engineer (construction)', 'Performance  improvement technician (construction)', 'Planning engineer (construction)', 'Planning technician (construction)', 'Port engineer', 'Production engineer (construction)', 'Quality engineer (construction)', 'Railway engineer', 'Road engineer', 'Road surveyor', 'Road technician', 'Shelter inspector', 'Site manager', 'Structural designer', 'Structural engineer (civil engineering technicians)', 'Supervisor (civil engineering)', 'Supervisor (construction)', ""Surveyor's assistant"", 'Tonnage surveyor', 'Traffic engineer', 'Verification engineer (construction)', 'Warranty engineer (construction)', 'Air terminal inspector', 'Calculation engineer (electric power)', 'Designer (electricity)', 'Electrical designer', 'Electrical draughtsman', 'Electrical engineer', 'Electrical power technician', 'Electrical technician', 'Electrical technician; general', 'Electrical testing engineer', 'Erection engineer (electric power)', 'Inspection engineer (electricity)', 'Inspection technician (electricity)', 'Installation engineer (electrical engineering technicians)', 'Line engineer', 'Network planner', 'Operations engineer (electric power)', 'Performance improvement engineer (electricity)', 'Performance improvement technician (electric power)', 'Planning engineer (electric power)', 'Planning technician (electric power)', 'Plant engineer (electricity)', 'Production engineer (electrical power)', 'Quality engineer (electrical power)', 'Service engineer (electric power)', 'Service technician (electric power)', 'Supervisor (manufacture of electric power products)', 'Supervisor (power plant)', 'Verification engineer (electricity)', 'Assembly engineer (electronics/telecommunications)', 'Control engineer', 'Draughtsman; electronics', 'Electronic products designer', 'Inspection engineer (electronics)', 'Inspection technician (electronics)', 'Performance improvement engineer (electronics)', 'Performance improvement technician (electronics)', 'Planning engineer (electronics)', 'Planning technician (electronics)', 'Production engineer (electronics)', 'Quality engineer (electronics)', 'Service engineer (electronics)', 'Supervisor (manufacture of electronic products)', 'Verification engineer (electronics and telecommunications engineering technicians)', 'Verification engineer (electronics and telecommunications engineering technicians)', 'Army engineer', 'Assembly engineer  (mechanical engineering)', 'Automotive engineer (safety and quality inspectors)', 'Draughtsman; mechanical engineering', 'Factory engineer', 'Inspection engineer (mechanical)', 'Inspection technician (mechanical engineering)', 'Machine designer', 'Motor vehicle examiner', 'Motor vehicle inspection engineer', 'Motor vehicle inspector', 'Operations engineer (heat production plant)', 'Operations engineer (sewage treatment plant)', 'Operations engineer (water supply works)', 'Performance improvement engineer (mechanical engineering)', 'Performance improvement technician (mechanical engineering)', 'Planning engineer (mechanical engineering)', 'Planning technician (mechanical engineering)', 'Plumbing and central heating engineer', 'Production engineer (mechanical engineering)', 'Quality engineer (mechanical engineering)', 'Service engineer (mechanical engineering)', 'Service technician (mechanical engineering)', 'Shipping company inspector', 'Ship surveyor', 'Supervisor (manufacture of mechanical engineering products)', 'Technical officer', 'Vehicle engineer (safety and quality inspectors)', 'Rock drilling foreman', 'Food supervisor', 'Mouldings repair paster', 'Ski supervisor', 'Sugar boiler', 'Turner', 'Site manager (construction)', 'Boiler descaler', 'Master engineer', 'Operations engineer', 'Power plant engineer', 'Power plant operator', 'Master engineer', 'Master engineer', 'Master engineer', 'Master engineer', 'Operations technician (heat production plant)', 'Operations technician (incineration plant)', 'Operators (water works)', 'Master engineer', 'Spirits distiller (chemistry)', 'Supervisor (chemical engineering)', 'Oil distiller', 'Oil refiner', 'Process operator (petroleum)', 'Laboratory assistant (chem.lab.)', 'Laboratory assistant (life science technicians)', 'Laboratory assistant (microbiology)', 'Laboratory assistant (phys.lab.)', 'Farm inspector', 'Garden engineer', 'Garden technician', 'Certified forester', 'Parks manager (agronomy and forestry technicians)']"
1,21,SCIENCE AND ENGINEERING PROFESSIONALS,12989.987,"['211', '212', '213', '214']","{'211': ['2111', '2112', '2113', '2114'], '212': ['2120'], '213': ['2131', '2132', '2133'], '214': ['2141', '2142', '2143', '2144', '2145', '2146']}","['Associate professor (physics)', 'Astronomer', 'Atomic physicist', 'Hospital physicist', 'Nuclear physicist', 'Particle physicist', 'Physicist', 'Plasma physicist', 'Radiation physicist', 'Radiation protection inspector', 'Radio physicist', 'Forecast meteorologist', 'Government meteorologist', 'Meteorologist', 'Military meteorologist', 'Staff meteorologist', 'Analytical chemist', 'Assistant professor (chemistry)', 'Biochemist', 'Chemist', 'Clinical chemist', 'Environmental chemist', 'Graduate engineer (chemistry)', 'Hospital chemist', 'Organic chemist', 'Process chemist', 'Surface chemist', 'Bedrock geologist', 'Geochemist', 'Geologist', 'Geophysicist', 'Governmental hydrologist', 'Hydrogeologist', 'Hydrologist', 'Mining geologist', 'Oceanographer', 'Palaeontologist', 'Quaternary geologist', 'Seismologist', 'Actuary', 'Biostatistician', 'Demographer', 'Environmental statistician', 'Insurance actuary', 'Insurance mathematician', 'Mathematical statistician', 'Mathematician', 'Method statistician', 'Population statistician', 'Statistician', 'Bacteriologist', 'Biologist', 'Botanist', 'Clinical bacteriologist', 'Cytologist', 'Ecotoxicologist', 'Entomologist', 'Fishery biologist', 'Geneticist', 'Genetics researcher', 'Hydrobiologist', 'Immunologist', 'Insect scientist', 'Limnologist', 'Marine biologist', 'Microbiologist', 'Molecular biologist', 'Mycologist', 'Pharmacologist', 'Physiologist (general)', 'Scientist (pharmacology)', 'Thalassologist', 'Toxicologist', 'Virologist', 'Zoologist', 'Immunologist', 'Agricultural adviser', 'Agricultural consultant', 'Agricultural graduate', 'Agricultural machinery consultant', 'Agricultural scientist', 'Agrologist', 'Agrologist (farming adviser)', 'Agrologist (works manager)', 'Area manager; forestry', 'Crop consultant', 'Crop protection specialist', 'Crown forests superintendent', 'Farming consultant', 'Fisheries adviser', 'Forest engineer', 'Forest engineer (forestry adviser)', 'Forest inspector', 'Forest management scientist', 'Forest officer', 'Forest ranger', 'Forestry adviser', 'Forestry consultant', 'Forestry instructor', 'Forestry scientist', 'Forest technician', 'Fruit-growing consultant', 'Game adviser', 'Gamekeeper', 'Gamekeeping adviser', 'Game management adviser', 'Game manager', 'Game supervisor', 'Horticultural adviser', 'Horticultural consultant', 'Horticultural graduate', 'Horticultural graduate (gardening consultant)', 'Horticultural scientist', 'Hunting adviser', 'Livestock adviser', 'Professional hunter', 'Research officer (agriculture)', 'Rural developer', 'State forest warden', 'Ecologist', 'Energy adviser', 'Environmental coordinator', 'Environmental inspector', 'Environment protection inspector', 'Environment protection manager', 'Hygienic products engineer', 'Inspection engineer', 'Material planner', 'Occupational hygienist', 'Textile engineer', 'Verification engineer (architects engineers and related professionals)', 'Construction planner', 'Development engineer (construction)', 'Graduate engineer (building control)', 'Graduate engineer (building production)', 'Graduate engineer (building quality)', 'Graduate engineer (building rationalisation)', 'Graduate engineer (calculation)', 'Graduate engineer (construction)', 'Graduate engineer (construction consultant)', 'Graduate engineer (guarantee engineer; construction)', 'Graduate engineer (plant)', 'Graduate engineer (port technology)', 'Graduate engineer (road and hydraulic construction)', 'Graduate engineer (road technology)', 'Graduate engineer (shelter inspector)', 'Graduate engineer (site management)', 'Graduate engineer (structural design)', 'Graduate engineer (traffic technology)', 'Inspection engineer (construction)', 'Plant engineer', 'Process engineer (construction)', 'Product developer (construction)', 'Project engineer (construction)', 'Research engineer (construction)', 'Road designer', 'Sanitary engineer', 'Street maintenance engineer', 'Structural engineer (civil engineers)', 'Testing engineer (construction)', 'Environmental engineer', 'Environment protection engineer', 'Nature conservation engineer', 'Operations engineer (sewage treatment)', 'Operations engineer (water works)', 'Working environment engineer', 'Aircraft engineer', 'Aircraft engineer (air force)', 'Automotive designer', 'Automotive engineer (mechanical engineering)', 'Department engineer (precision mechanics)', 'Development engineer (mechanical engineering)', 'Energy engineer', 'Estimation engineer (mechanical engineering)', 'Graduate engineer (automotive)', 'Graduate engineer (heating; water; sanitation)', 'Graduate engineer (machining)', 'Graduate engineer (mechanical design)', 'Graduate engineer (mechanical engineering)', 'Graduate engineer (planning; mechanical engineering)', 'Graduate engineer (rationalisation; mechanical engineering)', 'Graduate engineer (servicing; mechanical engineering)', 'Graduate engineer (systems production; mechanical engineering)', 'Instrument engineer (precision mechanics)', 'Maintenance engineer (mechanical engineering)', 'Materials control engineer (mechanical engineering)', 'Mechanical designer', 'Mechanical engineer', 'Mechatronics engineer', 'Naval engineer', 'Process engineer (mechanical engineering)', 'Product developer (mechanical engineering)', 'Production planner (mechanical engineering)', 'Research engineer (mechanical engineering)', 'Ship designer', 'Space engineer', 'Testing engineer (mechanical engineering)', 'Tool designer', 'Ventilation engineer (mechanical engineers)', 'Welding engineer', 'Works engineer (mechanical engineering)', 'Dairy engineer', 'Designer (chemical technology)', 'Development engineer (chemical technology)', 'Experimental engineer (chemical technology)', 'Graduate engineer (chemical technology)', 'Graduate engineer (planning; chemical technology)', 'Graduate engineer (processes; chemical technology)', 'Graduate engineer (quality control; chemical technology)', 'Injection moulding engineer', 'Production engineer (chemical technology)', 'Research engineer (chemistry)', 'Works engineer (chemical technology)', 'Development engineer (mining)', 'Foundry engineer', 'Geology engineer', 'Geotechnician', 'Graduate engineer (mining)', 'Graduate engineer (production; mining/metallurgy)', 'Graduate engineer (quality control; metallurgy)', 'Graduate mining engineer', 'Materials engineer (metallurgy)', 'Metallographer', 'Metallurgist', 'Mining engineer', 'Planning engineer (metallurgy)', 'Planning engineer (mining)', 'Process engineer (metallurgy)', 'Process engineer (mining)', 'Production engineer (metallurgy)', 'Production engineer (mining)', 'Quality control engineer (mining)', 'Research engineer (metallurgy)', 'Rolling-mill engineer']"
11,42,CUSTOMER SERVICES CLERKS,11561.186,"['421', '422']","{'421': ['4211', '4212', '4213', '4214'], '422': ['4221', '4222', '4223', '4224', '4225', '4226']}","['Bank cashier', 'Bank clerk', 'Cashier instructor', 'Cash manager', 'Currency seller', 'Post-office cashier', 'Bingo host', 'Bingo steward', 'Croupier', 'Dealer (casino)', 'Lender (loans against goods)', 'Pawnbroker', 'Assistant bailiff', 'Bailiff', 'Collection officer', 'Debt-collector', 'Debt recovery officer', 'Enforcement commissioner', 'Enforcement inspector', 'Writ server', 'Air traffic assistant', 'Assistant (tourist information office)', 'Booking assistant (travel agency)', 'Booking officer (travel agency)', 'Business travel salesperson', 'Charter travel salesperson', 'Check-in assistant', 'Cottage manager', 'Employee (tourist information office)', 'Ground hostess', 'Private travel agent', 'Sales director (travel agency)', 'Secretary (tourist information office)', 'Service manager (air traffic)', 'Ticket seller (travel agency)', 'Tourist information officer', 'Tour operator', 'Traffic assistant', 'Traffic information officer', 'Travel adviser', 'Travel agency assistant', 'Travel agency clerk', 'Travel agency employee', 'Travel agent', 'Travel manager', 'Visits scheduler', 'Complaints officer', 'Office telephonist', 'Switchboard operator', 'Switchboard operator (international calls)', 'Taxi dispatcher', 'Bookings clerk (hotel)', 'Bookings manager (hotel)', 'Chief receptionist', 'Hotel concierge', 'Hotel host', 'Hotel receptionist', 'Night receptionist', 'Receptionist (telephone operator)', 'Customer adviser', 'Business host/hostess', 'Conference host/hostess (receptionists and information clerks)', 'Course host/hostess', 'Night porter', 'Office caretaker', 'Office receptionist', 'Porter (receptionists and information clerks)', 'Surgery assistant']"
7,32,HEALTH ASSOCIATE PROFESSIONALS,11346.669,"['321', '322', '323', '324']","{'321': ['3211', '3212', '3213', '3214'], '322': ['3221', '3222'], '323': ['3230'], '324': ['3240']}","['Audiology engineer', 'Dental technician', 'Hearing clinic engineer', 'Hearing clinic technician', 'Hearing engineer', 'Hospital dental technician', 'Hospital engineer', 'Hospital technician', 'Laboratory dental technician', 'Medical engineer', 'Medical technical engineer', 'Odontological technician', 'Orthopaedic engineer', 'Orthopaedic technician', 'X-ray technician', 'Biomedical analyst', 'Blood centre staff', 'Cytology assistant', 'Laboratory assistant (biochemistry/medicine)', 'Laboratory assistant (clinical chemistry)', 'Laboratory assistant (clinical physiology)', 'Laboratory assistant (histopathology)', 'Laboratory assistant (hospital)', 'Dispenser', 'Pharmacist (dispenser)', 'Pharmacy technician', ""Dental technician's assistant"", 'Disability aids mechanic', 'Plaster technician', 'Surgical truss maker', 'Allergy nurse', 'Anaesthesia assistant', 'Anaesthesia nurse', 'Area Director (nursing)', 'Clinical department administrator', 'Clinical department director', 'Colostomy nurse', 'Company nurse', 'Diabetes nurse', 'Dialysis nurse', 'Emergency medical technician', 'Emergency nurse', 'Geriatrics nurse', 'Hypertension nurse', 'Intensive care nurse (ICU)', 'Medically responsible nurse', 'Medical technical assistant', 'Municipal nurse', 'Nurse (casualty; emergency room)', 'Nurse (childcare centre)', 'Nurse (diagnostic radiology)', 'Nurse (geriatric care)', 'Nurse (medicine/surgery)', 'Nurse (psychiatric care)', 'Nursing administrator', 'Nursing assistant', 'Nursing assistant (care of people with learning disabilities)', 'Nursing assistant (nursing home)', 'Nursing assistant (psychiatric care)', 'Nursing assistant (treatment work)', 'Nursing attendant', 'Nursing auxiliary', 'Nursing developer', 'Nursing method developer', 'Oncological assistant', 'Ophthalmological assistant', 'Ophthalmology nurse', 'Orthoptist', 'Pain relief nurse', 'Pediatric nurse', 'Pediatric nurse (nursing ward)', 'Pediatric nurse (surgery)', 'Radiology nurse', 'Radiotherapy assistant', 'School nurse', 'Staff nurse', 'X-ray nurse', 'Allergy nurse', 'Anaesthesia assistant', 'Anaesthesia nurse', 'Area Director (nursing)', 'Clinical department administrator', 'Clinical department director', 'Colostomy nurse', 'Company nurse', 'Diabetes nurse', 'Dialysis nurse', 'Emergency medical technician', 'Emergency nurse', 'Geriatrics nurse', 'Hypertension nurse', 'Intensive care nurse (ICU)', 'Medically responsible nurse', 'Medical technical assistant', 'Municipal nurse', 'Nurse (casualty; emergency room)', 'Nurse (childcare centre)', 'Nurse (diagnostic radiology)', 'Nurse (geriatric care)', 'Nurse (medicine/surgery)', 'Nurse (psychiatric care)', 'Nursing administrator', 'Nursing assistant', 'Nursing assistant (care of people with learning disabilities)', 'Nursing assistant (nursing home)', 'Nursing assistant (psychiatric care)', 'Nursing assistant (treatment work)', 'Nursing attendant', 'Nursing auxiliary', 'Nursing developer', 'Nursing method developer', 'Oncological assistant', 'Ophthalmological assistant', 'Ophthalmology nurse', 'Orthoptist', 'Pain relief nurse', 'Pediatric nurse', 'Pediatric nurse (nursing ward)', 'Pediatric nurse (surgery)', 'Radiology nurse', 'Radiotherapy assistant', 'School nurse', 'Staff nurse', 'X-ray nurse', 'Allergy nurse', 'Anaesthesia assistant', 'Anaesthesia nurse', 'Area Director (nursing)', 'Clinical department administrator', 'Clinical department director', 'Colostomy nurse', 'Company nurse', 'Diabetes nurse', 'Dialysis nurse', 'Emergency medical technician', 'Emergency nurse', 'Geriatrics nurse', 'Hypertension nurse', 'Intensive care nurse (ICU)', 'Medically responsible nurse', 'Medical technical assistant', 'Municipal nurse', 'Nurse (casualty; emergency room)', 'Nurse (childcare centre)', 'Nurse (diagnostic radiology)', 'Nurse (geriatric care)', 'Nurse (medicine/surgery)', 'Nurse (psychiatric care)', 'Nursing administrator', 'Nursing assistant', 'Nursing assistant (care of people with learning disabilities)', 'Nursing assistant (nursing home)', 'Nursing assistant (psychiatric care)', 'Nursing assistant (treatment work)', 'Nursing attendant', 'Nursing auxiliary', 'Nursing developer', 'Nursing method developer', 'Oncological assistant', 'Ophthalmological assistant', 'Ophthalmology nurse', 'Orthoptist', 'Pain relief nurse', 'Pediatric nurse', 'Pediatric nurse (nursing ward)', 'Pediatric nurse (surgery)', 'Radiology nurse', 'Radiotherapy assistant', 'School nurse', 'Staff nurse', 'X-ray nurse', 'Animal health assistant', 'Dog psychologist', 'Veterinary assistant']"
12,43,NUMERICAL AND MATERIAL RECORDING CLERKS,10772.233,"['431', '432']","{'431': ['4311', '4312', '4313'], '432': ['4321', '4322', '4323']}","['Accounting clerk', 'Budgetary assistant', 'Economic assistant', 'Economic clerk', 'Invoice examiner', 'Accounting clerk', 'Budgetary assistant', 'Economic assistant', 'Economic clerk', 'Invoice examiner', 'Payroll administrator', 'Payroll assistant', 'Payroll cashier', 'Payroll clerk', 'Wages clerk', 'Delivery inspector', 'Delivery planner', 'Depot assistant', 'Forwarding clerk (production and stock clerks)', 'Forwarding clerk (warehousing)', 'Goods receiver', 'Logistics assistant', 'Logistics clerk', 'Materials worker', 'Spare parts assistant', 'Spare parts clerk (warehouse)', 'Stock caretaker', 'Stock distributor', 'Stocker', 'Stock inspector', 'Stock-keeper', 'Stock planner', 'Stock-taker (warehouse)', 'Storage administrator', 'Storage personnel', 'Storage worker (warehouse)', 'Stored goods handler', 'Storehouse manager', 'Storekeeper', 'Tools issuer', 'Warehouse administrator', 'Warehouse assistant', 'Warehouse clerk (production clerks; stock clerks)', 'Warehouse clerk (tellers and other counter clerks; other office clerks; coding; proof-reading and related clerks)', 'Warehouse manager', 'Warehouse supervisor', 'Warehouse worker', 'Order picker', 'Orders clerk', 'Orders examiner', 'Orders handler', 'Orders inspector', 'Orders officer', 'Orders receiver', 'Spare parts manager', 'Bridge-master', 'Bus traffic supervisor', 'Dispatcher', 'Flight dispatcher', 'Forwarding assistant', 'Forwarding clerk (shipping)', 'Goods forwarder', 'Goods handling coordinator', 'Ground agent', 'Ground supervisor (airport)', 'Loading supervisor', 'Logistician', 'Planner (air service)', 'Port service assistant', 'Railway inspector', 'Service manager (air service)', 'Shipping assistant (air freight)', 'Shipping assistant (road transport)', 'Shipping clerk', 'Station manager (transport clerks)', 'Tallyman', 'Traffic assistant (roads)', 'Traffic director (roads)', 'Traffic foreman', 'Traffic inspector (railways)', 'Traffic officer (railways)', 'Traffic supervisor (railways)', 'Traffic supervisor (roads)', 'Train dispatcher (clerk)', 'Train dispatcher (local trains)', 'Train dispatcher (long-distance trains)', 'Train traffic director', 'Transport director', 'Water clerk']"
10,41,GENERAL AND KEYBOARD CLERKS,9536.61,"['411', '412', '413']","{'411': ['4110'], '412': ['4120'], '413': ['4131', '4132']}","['Assistant clerk', 'Braille clerk', 'Clerk', 'Clerk (general)', 'Clerk (trade union)', 'Contracted clerk', 'Planning clerk', 'Quotation clerk', 'School assistant', 'Subscription agent', 'Subscription clerk', 'Warranty officer', 'Workshop clerk', 'Advertising secretary', 'Secretary', 'Parliament stenographer', 'Stenographer', 'Card punch operator', 'Computer code recorder', 'Data recorder', 'Punch card operator']"
0,12,ADMINISTRATIVE AND COMMERCIAL MANAGERS,7304.411,"['121', '122']","{'121': ['1211', '1212', '1213', '1219'], '122': ['1221', '1222', '1223']}","['Budget director', 'Chief accountant (finance and administration department managers)', 'Chief financial and operating officer', 'Chief Financial Officer', 'Financial director', 'Financial supervisor', 'Research manager (finance and administration department managers)', 'Head of personnel', 'Staff director', 'Staff manager', 'Staff officer', 'Staff supervisor', 'Cleaning manager', 'Environmental manager', 'Head of company relations', 'Laundry manager', 'Negotiation representative', 'Security manager', 'Administrative manager', 'Bus/coach station manager', 'Division manager', 'Office manager (educational company)', 'Planning director', 'Station manager (productions and operations department managers in transport; storage and communications)', 'District manager (insurance)', 'Export sales manager', 'Graduate engineer (sales)', 'Marketing director', 'Marketing manager', 'Product manager (sales)', 'Regional manager (sales)', 'Sales director', 'Sales manager', 'Sales supervisor (large company)', 'Advertising manager (Advertising and public relations department managers)', 'Advertising manager (door-to-door and telephone salespersons; shop sales persons and demonstrators)', 'Director of public relations', 'Information manager', 'Media director', 'Publicity manager', 'Laboratory manager (chemistry)', 'Laboratory manager (pharmacology)', 'Laboratory manager (physics)', 'Research manager (research and development department managers)']"
19,81,STATIONARY PLANT AND MACHINE OPERATORS,6711.109,[],[],[]
16,54,PROTECTIVE SERVICES WORKERS,6678.871,['541'],"{'541': ['5411', '5412', '5413', '5414', '5419']}","['Firefighter', 'Firefighter (ambulance driver)', 'Fire protection planner', 'Fire safety inspector (fire-fighters)', 'Fire station deputy manager', 'Fire station manager', 'Fire technician', 'Senior firefighter', 'Police constable', 'Police officer', 'Traffic policeman', 'Uniformed constable', 'Cell guard', 'Correctional facility officer', 'Prison officer', 'Prison warder', 'Security officer', 'Security supervisor', 'Beach guard', 'Bodyguard (police officers; police inspectors and detectives)', 'Bodyguard (protective services workers)', 'Car park attendant', 'Churchyard attendant', 'Cinema attendant', 'Circulating watchman', 'Doorman', 'Hotel porter', 'Lock-keeper', 'Night watch attendant', 'Night watchman', 'Patrolman', 'Porter (doorkeepers; watchpersons and related workers)', 'Port warden', 'Protective guard', 'Security guard', 'Security officer (railway)', 'Shopwalker', 'Stationary security guard', 'Alarm operator', 'Assistant swimming pool attendant', 'Game warden', 'Garage security guard', 'Lifeguard', 'Other security staff', 'Public baths lifeguard', 'Road guard', 'Security transport driver', 'Shop inspector', 'Swimming-pool attendant', 'Traffic attendant', 'Traffic supervisor', 'Traffic warden']"
5,25,INFORMATION AND COMMUNICATIONS TECHNOLOGY PROFESSIONALS,5553.327,"['251', '252']","{'251': ['2511', '2512', '2513', '2514', '2519'], '252': ['2521', '2522', '2523', '2529']}","['Data processing consultant', 'Graduate engineer (system development)', 'IT analyst', 'IT auditor', 'IT consultant', 'IT system engineer', 'System analyst', 'System attendant', 'System engineer', 'System investigator', 'System tester', 'Computer engineer (computer programmers; computer systems designers and analysts)', 'Computer engineer (electronics and telecommunications engineers)', 'Computer methods director', 'Interaction designer', 'Software designer', 'Software programmer', 'Web developer', 'Web programmer', 'Application developer', 'Application engineer', 'Programmer', 'System designer', 'System developer', 'System programmer', 'Usability designer', 'Application engineer (computer manufacturing)', 'Informatics assistant', 'Program developer', 'Security analyst (data processing/IT)', 'Data analyst', 'Database administrator', 'Database designer', 'Database developer', 'Database engineer', 'Data processing coordinator', 'Data processing investigator', 'Data processing operator', 'Data processing strategist', 'IT architect', 'Method analyst (computing)', 'System manager', 'Access supervisor; data processing/IT', 'IT coordinator', 'Network administrator', 'System administrator', 'System director', 'System manager', 'System operator', 'Systems manager', 'System supervisor', 'System architect', 'Traffic inspector', 'Computer security director', 'Computer security manager', 'Data processing analyst', 'IT investigator', 'IT security manager', 'IT strategist', 'Security administrator (data processing/IT)', 'Security director (data processing/IT)']"
17,61,MARKET-ORIENTED SKILLED AGRICULTURAL WORKERS,5456.604,"['611', '612', '613']","{'611': ['6111', '6112', '6113', '6114'], '612': ['6121', '6122', '6123', '6129'], '613': ['6130']}","['Agriculturalist (crop farming)', 'Farmer (crop farming)', 'Farm foreman (crop farming)', 'Farming foreman', 'Supervisor (crop farming)', 'Tenant farmer (crop farming)', 'Vegetable grower', 'Farmer (crop farming)', 'Farm foreman (crop farming)', 'Farming foreman', 'Supervisor (crop farming)', 'Tenant farmer (crop farming)', 'Farmer (crop farming)', 'Farm foreman (crop farming)', 'Farming foreman', 'Supervisor (crop farming)', 'Tenant farmer (crop farming)', 'Farmer (crop farming)', 'Farm foreman (crop farming)', 'Farming foreman', 'Supervisor (crop farming)', 'Tenant farmer (crop farming)', 'Berry grower', 'Farmer (crop farming)', 'Farm foreman (crop farming)', 'Farming foreman', 'Fruit grower', 'Supervisor (crop farming)', 'Tenant farmer (crop farming)', 'Farmer (crop farming)', 'Farm foreman (crop farming)', 'Farming foreman', 'Supervisor (crop farming)', 'Tenant farmer (crop farming)', 'Bouquet designer', 'Churchyard foreman', 'Florist', 'Flower decorator', 'Flower grower', 'Gardener (cultivation)', 'Gardener (landscaping)', 'Garden manager', 'Garden supervisor', 'Greenkeeper', 'Landscape gardener', 'Landscaping supervisor', 'Park foreman', 'Supervisor (gardening)', 'Tree surgeon', 'Farmer (crop farming)', 'Farm foreman (crop farming)', 'Farming foreman', 'Supervisor (crop farming)', 'Tenant farmer (crop farming)', 'Farmer (crop farming)', 'Farm foreman (crop farming)', 'Farming foreman', 'Supervisor (crop farming)', 'Tenant farmer (crop farming)', 'Farmer (crop farming)', 'Farm foreman (crop farming)', 'Farming foreman', 'Supervisor (crop farming)', 'Tenant farmer (crop farming)', 'Agriculturalist (animal husbandry)', 'AI assistant', 'Artificial inseminator', 'Bull keeper (animal husbandry)', 'Dog breeder', 'Domestic animal breeder', 'Domestic animal keeper (animal husbandry)', 'Farmer (animal husbandry)', 'Fur animal breeder', 'Goat farmer', 'Groom', 'Horse breeder', 'Insemination assistant', 'Livestock holder (animal husbandry)', 'Livestock keeper (animal husbandry)', 'Livestock manager (animal husbandry)', 'Livestock supervisor (animal husbandry)', 'Livestock technician', 'Maintenance operative (pig farming)', 'Milk recorder', 'Mink farmer', 'Pig breeder', 'Pig keeper (animal husbandry)', 'Relief worker (farming)', 'Sheep breeder', 'Sheep keeper (animal husbandry)', 'Stablehand', 'Stable manager', 'Stable supervisor', 'Stud farm worker', 'Tenant farmer (livestock)', 'Chicken breeder', 'Chicken keeper', 'Chicken sorter', 'Ostrich farmer', 'Poultry farm owner', 'Poultry farm worker', 'Poultry keeper', 'Poultry worker', 'Turkey farmer', 'Apiculturist', 'Beekeeper', 'Fur farmer', 'Agriculturalist (mixed production)', 'Bull keeper (mixed production)', 'Crop grower (mixed production)', 'Domestic animal keeper (mixed production)', 'Farmer (mixed production)', 'Farm foreman (mixed production)', 'Farm manager (mixed production)', 'Farm supervisor (mixed production)', 'Livestock holder (mixed production)', 'Livestock keeper (mixed production)', 'Livestock manager (mixed production)', 'Livestock supervisor (mixed production)', 'Pig keeper (mixed production)', 'Sheep keeper (mixed farming)', 'Tenant farmer (mixed production)']"
24,96,REFUSE WORKERS AND OTHER ELEMENTARY WORKERS,5326.659,"['961', '962']","{'961': ['9611', '9612', '9613'], '962': ['9621', '9622', '9623', '9624', '9629']}","['Car breaker', 'Car dismantler', 'Environmental worker', 'Refuse collector', 'Refuse recycling centre operative', 'Sanitation worker', 'Classification worker', 'Dismantler', 'Recycling worker', 'Sewage worker', 'Advertising distributor', 'Bicycle deliverer', 'Catering worker', 'Delivery person', 'Delivery service worker', 'Express messenger', 'Goods deliverer', 'Leaflet distributor', 'Luggage porter', 'Maintenance operative (catering)', 'Messenger', 'Newspaper delivery person', 'Newspaper distributor', 'Office messenger', 'Paper distributor', 'Labourer (general)', 'Sandwich board holder', 'Snow-clearing worker', 'Undersealer', 'Unskilled worker', 'Licence inspector', 'Meter reader', 'Parking meter attendant', 'Token collector', 'Weather observer', 'Licence inspector', 'Meter reader', 'Parking meter attendant', 'Token collector', 'Weather observer', 'Amusement park worker', 'Bus/coach station worker', 'Cinema projector operator', 'Cloakroom assistant', 'Cloakroom attendant', 'Cloakroom caretaker', 'Cloakroom keeper', 'Swimming pool attendant', 'Trolley collector']"
23,94,FOOD PREPARATION ASSISTANTS,3854.479,['941'],"{'941': ['9411', '9412']}","['Cold-buffet manageress', 'Cold-buffet manageress (ship)', 'Assistant cook', 'Assistant cook (ship)', 'Cold buffet assistant', 'Cook steward', 'Dishwasher', 'Fast-food stand assistant', 'Grill assistant', 'Kitchen assistant', 'Kitchen assistant (institution)', 'Restaurant assistant', 'School lunch assistant']"
20,82,ASSEMBLERS,3208.864,['821'],"{'821': ['8211', '8212', '8219']}","['Aircraft assembler', 'Car assembler', 'Car maker', 'Car worker', 'Engine assembler', 'Engine builder', 'Fan assembler', 'Pump fitter', 'Vehicle assembler', 'Assembler (electrical and telecommunication equipment)', 'Assembler (manufacture of other electrical and telecommunication equipment)', 'Assembler (power systems)', 'Battery worker', 'Cable checker', 'Cable factory worker', 'Cable machine operator', 'Circuit board assembler', 'Electronics assembler', 'Light bulb factory worker', 'Wire coil winder (metal)', 'Worker (accumulator industry)', 'Assembler (metal)', 'Assembler (metal products)', 'Assembler (paper and textile products)', 'Assembler (products made of metal; rubber and plastic)', 'Assembler  (wood)', 'Assembler (wood products)', ""Carpenter's assistant"", 'Case maker', 'Furniture assembler', 'Machine operators and assemblers in special fields', 'Plastics assembler', 'Sun visor assembler', 'Venetian blind fitter']"
13,44,OTHER CLERICAL SUPPORT WORKERS,2891.111,['441'],"{'441': ['4411', '4412', '4413', '4414', '4415']}","['Library assistant', 'Library clerk', 'Library office clerk', 'Mimographer', 'Mail courier', 'Mail sorter', 'Postman', 'Rural postman', 'Proof operator', 'Proof-reader', 'Proof operator', 'Proof-reader', 'Archives assistant', 'Archives assistant clerk', 'Archives clerk', 'Parish registration assistant', 'Parish registration clerk']"
9,35,INFORMATION AND COMMUNICATIONS TECHNICIANS,2313.35,"['351', '352']","{'351': ['3511', '3512', '3513'], '352': ['3521', '3522']}","['Communications technician', 'Computer operator', 'Supervisor (data processing)', 'Computer adviser', 'IT support engineer', 'IT technician', 'Network designer', 'Network operator', 'Network technician', 'Operations technician (computing)', 'Operations technician (data processing)', 'PC coordinator', 'PC engineer', 'System technician', 'System technician (network)', 'Audio assistant', 'Audiovisual engineer', 'Cameraman', 'Cameraman/Camerawoman (animated films)', 'Cameraman (TV)', 'Coast guard assistant (broadcasting and telecommunications equipment operators)', 'Film cutter', 'Film engineer', 'Film grip', 'Film lighting technician', 'First cameraman', 'First soundman', 'Lighting designer', 'Lighting engineer', 'Lighting setter', 'Lighting supervisor', 'Lighting technician', 'Microfilmer', 'Mixer (audio technician)', 'Music engineer', 'Operations connection technician', 'Outside Broadcast assistant', 'Outside Broadcast technician', 'Projector operator', 'Recording assistant', 'Recording engineer', 'Re-recording technician', 'Second cameraman', 'SOS operator', 'Sound engineer', 'Sound roadie', 'Sound technician', 'Soundtrack engineer', 'Stage inspector', 'Stage technician', 'Studio electrician', 'Studio technician', 'Tape engineer', 'Telegraphist', 'Television editor', 'TOM (Technical Operations Manager)', 'Tour engineer', 'Video cameraman', 'Video editor', 'Video engineer', 'Video engineer/service engineer', 'Video engineer (technical supervisor)', 'Video mixer', 'Video mixer engineer', 'Videotape engineer', 'Videotape technician', 'Video technician', 'Verification engineer (electronics and telecommunications engineering technicians)', 'Radio Officer', 'Radio officer (ship)', 'Radio operator', 'Radio telegraphist', 'Telecommunications engineer', 'Verification engineer (electronics and telecommunications engineering technicians)']"
18,73,HANDICRAFT AND PRINTING WORKERS,1837.707,"['731', '732']","{'731': ['7311', '7312', '7313', '7314', '7315'], '732': ['7321', '7322', '7323']}","['Aircraft instrument mechanic', 'Artillery mechanic', 'Camera engineer', 'Compass maker', 'Instrument fitter', 'Instrument mechanic', 'Instrument optician', 'Instrument repairer (precision mechanics)', 'Meter inspector', 'Micro mechanic', 'Precision mechanic', 'Precision mechanic (assembly)', 'Scales repairer', 'Watchmaker', 'Weapons engineer', 'Accordion maker', 'Accordion repairer', 'Drum maker', 'Drum mechanic', 'Guitar engineer', 'Guitar maker', 'Movement maker', 'Musical instrument checker', 'Musical instrument maker', 'Organ builder', 'Organ pipe maker', 'Organ tuner', 'Piano builder', 'Piano engineer', 'Piano tuner', 'String instrument maker', 'Tuner (musical instruments)', 'Violin maker', 'Wind instrument maker', 'Chaser', 'Coppersmith', 'Enameller', 'Engraver (jewellery and precious-metal)', 'Engraver of precious metals', 'Gemmologist', 'Gold and silver products checker', 'Gold jewellery worker', 'Gold or silver worker', 'Goldsmith', 'Jeweller', 'Jewel setter', 'Paintbrush maker', 'Precious metal printer', 'Precious stone cutter', 'Silver jewellery worker', 'Silversmith', 'Brick caster', 'Caster (ceramics)', 'Ceramics presser', 'Ceramist', 'Crucible maker', 'Encapsulation mould maker (porcelain)', 'Epoxy moulder', 'Fitter (light fixtures; porcelain)', 'Glass and ceramic products checker', 'Hand former', 'Mould caster (ceramics)', 'Ocularist', 'Pattern caster (ceramics)', 'Pattern maker (ceramics)', 'Plaster moulder', 'Porcelain grinder', 'Porcelain moulder', 'Porcelain polisher', 'Potter', 'Shaper (ceramics)', 'Tile caster', 'Cup-former (glassworks)', 'Cutter (glassworks)', 'Edge grinder (glassworks)', 'Flask blower', 'Flat-grinder (glass)', 'Glass blower', 'Glass cutter (glassworks)', 'Glass gatherer', 'Glass grinder', 'Inflater', 'Joiner (glass stems and feet)', 'Leveller (glassworks)', 'Master glassmaker (glassworks)', 'Stem maker', 'Copper engraver (printing media)', 'Copyist; reprography', 'Cylinder engraver', 'Desktop operator', 'Engraver (printing media)', 'Etcher (printing media)', 'Hand engraver (printing media)', 'Lead typesetter (printing)', 'Machine engraver (printing media)', 'Map engraver', 'Originals retoucher', 'Originals setter', 'Photoengraver', 'Photogravure electroplater', 'Photogravure etcher', 'Photosetter', 'Pictures and repro worker', 'Process work copyist', 'Process work retoucher', 'Repro process engineer', 'Retoucher', 'Retoucher (photography)', 'Scanner operator', 'Steel engraver (printing engravers and etchers)', 'Text and image processor operator', 'Text layout artist', 'Typesetting-machine operator', 'Wallpaper roll engraver', 'Assistant press operator', 'Block setter', 'Braille printer', 'Cartridge printer', 'Feeder', 'Fitter (print shop)', 'Flexographic printer', 'Ink mixer (printing shop)', 'Laminator (printing)', 'Machine operator (printing)', 'Offset printer', 'Perforator (printing shop)', 'Photogravure printer', 'Press assistant', 'Printer', 'Printer (typographic industry)', 'Printing shop foreman', 'Printing shop overseer', 'Rotation offset printer', 'Rotation printer', 'Screen printer', 'Silk screen fitter', 'Silk screen maker', 'System operator (print shop)', 'Wallpaper printer', 'Bespoke bookbinder', 'Bookbinder', 'Bookbinding shop worker', 'Cutter (paper)', 'Machine bookbinder', 'Paper cutter (bookbinding shop)']"
