SENIORITY,Junior Executive
SENIORITY,Executive
SENIORITY,Manager
SENIORITY,Non-executive
SENIORITY,Senior Executive
SENIORITY,Senior Management
SENIORITY,Middle Management
SENIORITY,Junior Executive
SENIORITY,Professional
SENIORITY,Fresh/entry level
SENIORITY,Junior Management
MIN_EXPERIENCE,1
MIN_EXPERIENCE,5
MIN_EXPERIENCE,4
MIN_EXPERIENCE,8
MIN_EXPERIENCE,2
MIN_EXPERIENCE,0
MIN_EXPERIENCE,15
MIN_EXPERIENCE,3
MIN_EXPERIENCE,7
MIN_EXPERIENCE,6
MIN_EXPERIENCE,10
MIN_EXPERIENCE,12
MIN_EXPERIENCE,9
MIN_EXPERIENCE,20
MIN_EXPERIENCE,11
MIN_EXPERIENCE,23
MIN_EXPERIENCE,25
MIN_EXPERIENCE,13
MIN_EXPERIENCE,16
MIN_EXPERIENCE,14
MIN_EXPERIENCE,30
MIN_EXPERIENCE,18
MIN_EXPERIENCE,17
SKILLS,Access
SKILLS,Customer Service
SKILLS,Data Entry
SKILLS,Employee Relations
SKILLS,English
SKILLS,Event Planning
SKILLS,Human Resources
SKILLS,Leadership
SKILLS,Management
SKILLS,Microsoft Excel
SKILLS,Microsoft Office
SKILLS,Microsoft Word
SKILLS,Outlook
SKILLS,PowerPoint
SKILLS,Public Speaking
SKILLS,Research
SKILLS,Social Media
SKILLS,Team Leadership
SKILLS,Teamwork
SKILLS,Time Management
SKILLS,Adobe Creative Suite
SKILLS,Advertising
SKILLS,Art Direction
SKILLS,AutoCAD
SKILLS,Concept Development
SKILLS,Creative Direction
SKILLS,Graphic Design
SKILLS,Graphics
SKILLS,Illustration
SKILLS,Illustrator
SKILLS,InDesign
SKILLS,Interaction Design
SKILLS,Logo Design
SKILLS,Photography
SKILLS,Photoshop
SKILLS,Typography
SKILLS,User Experience
SKILLS,User Interface Design
SKILLS,Web Design
SKILLS,Active Directory
SKILLS,Business Analysis
SKILLS,Change Management
SKILLS,Cloud Computing
SKILLS,Data Center
SKILLS,Disaster Recovery
SKILLS,Integration
SKILLS,IT Management
SKILLS,IT Operations
SKILLS,IT Service Management
SKILLS,IT Strategy
SKILLS,ITIL
SKILLS,Networking
SKILLS,Program Management
SKILLS,Project Management
SKILLS,Troubleshooting
SKILLS,Vendor Management
SKILLS,Analysis
SKILLS,Business Development
SKILLS,Business Strategy
SKILLS,Entrepreneurship
SKILLS,Management Consulting
SKILLS,Marketing
SKILLS,Marketing Strategy
SKILLS,Start-ups
SKILLS,Strategic Planning
SKILLS,Strategy
SKILLS,Training
SKILLS,Business Intelligence
SKILLS,Business Process
SKILLS,Business Process Improvement
SKILLS,CRM
SKILLS,Process Improvement
SKILLS,Requirements Analysis
SKILLS,Brand Development
SKILLS,Brand Management
SKILLS,Competitive Analysis
SKILLS,Customer Insight
SKILLS,Digital Marketing
SKILLS,FMCG
SKILLS,Integrated Marketing
SKILLS,Market Planning
SKILLS,Market Research
SKILLS,Marketing Communications
SKILLS,Marketing Management
SKILLS,Product Development
SKILLS,Product Marketing
SKILLS,Sales
SKILLS,Agile Methodologies
SKILLS,Architectural Design
SKILLS,Architecture
SKILLS,Architectures
SKILLS,Comprehensive Planning
SKILLS,Design Research
SKILLS,Enterprise Architecture
SKILLS,Interior Design
SKILLS,Java
SKILLS,Mixed-use
SKILLS,Revit
SKILLS,SketchUp
SKILLS,SOA
SKILLS,Software Development
SKILLS,Sustainable Design
SKILLS,Urban Design
SKILLS,.NET
SKILLS,AJAX
SKILLS,ASP.NET
SKILLS,C#
SKILLS,C++
SKILLS,HTML
SKILLS,JavaScript
SKILLS,jQuery
SKILLS,Linux
SKILLS,Microsoft SQL Server
SKILLS,MySQL
SKILLS,Scrum
SKILLS,SQL
SKILLS,Subversion
SKILLS,Web Applications
SKILLS,Web Services
SKILLS,XML
SKILLS,Accounting
SKILLS,Budgets
SKILLS,Business Planning
SKILLS,Corporate Finance
SKILLS,Due Diligence
SKILLS,Finance
SKILLS,Financial Analysis
SKILLS,Financial Modeling
SKILLS,Financial Reporting
SKILLS,Forecasting
SKILLS,Investment Banking
SKILLS,Investments
SKILLS,Mergers
SKILLS,Mergers & Acquisitions
SKILLS,Private Equity
SKILLS,Valuation
SKILLS,Continuous Improvement
SKILLS,Cross-functional Team Leadership
SKILLS,Inventory Management
SKILLS,Lean Manufacturing
SKILLS,Logistics
SKILLS,Manufacturing
SKILLS,Materials Management
SKILLS,Operations Management
SKILLS,Procurement
SKILLS,Project Planning
SKILLS,Purchasing
SKILLS,SAP
SKILLS,Strategic Sourcing
SKILLS,Supply Chain
SKILLS,Supply Chain Management
SKILLS,Supply Chain Optimization
SKILLS,Supply Management
SKILLS,Team Building
SKILLS,Asset Management
SKILLS,Banking
SKILLS,Commercial Banking
SKILLS,Credit
SKILLS,Credit Analysis
SKILLS,Loan Origination
SKILLS,Loans
SKILLS,Mortgage Lending
SKILLS,New Business Development
SKILLS,Portfolio Management
SKILLS,Retail Banking
SKILLS,Risk Management
SKILLS,Classroom
SKILLS,Classroom Management
SKILLS,Community Outreach
SKILLS,Curriculum Design
SKILLS,Curriculum Development
SKILLS,Early Childhood Education
SKILLS,Editing
SKILLS,Lesson Planning
SKILLS,Staff Development
SKILLS,Teaching
SKILLS,Civil Engineering
SKILLS,Commercial Management
SKILLS,Construction
SKILLS,Construction Management
SKILLS,Contract Management
SKILLS,Contract Negotiation
SKILLS,Cost Control
SKILLS,Cost Engineering
SKILLS,Cost Management
SKILLS,Cost Planning
SKILLS,Cost Reporting
SKILLS,Project Control
SKILLS,Project Estimation
SKILLS,Quantity Surveying
SKILLS,Refurbishing
SKILLS,Subcontracting
SKILLS,Tender Preparation
SKILLS,Value Engineering
SKILLS,Event Management
SKILLS,Public Relations
SKILLS,Retail
SKILLS,Social Media Marketing
SKILLS,Account Management
SKILLS,Financial Services
SKILLS,Recruiting
SKILLS,Negotiation
SKILLS,Account Reconciliation
SKILLS,Accounts Payable
SKILLS,Accounts Receivable
SKILLS,Auditing
SKILLS,Financial Accounting
SKILLS,Financial Statements
SKILLS,General Ledger
SKILLS,Internal Controls
SKILLS,Payroll
SKILLS,Tax
SKILLS,Bloomberg
SKILLS,Credit Risk
SKILLS,Financial Risk
SKILLS,R
SKILLS,Underwriting
SKILLS,Cpr Certified
SKILLS,EKG
SKILLS,EMR
SKILLS,Healthcare
SKILLS,HIPAA
SKILLS,Medical Assisting
SKILLS,Medical Records
SKILLS,Medical Terminology
SKILLS,Medicine
SKILLS,Patient Education
SKILLS,Phlebotomy
SKILLS,Vital Signs
SKILLS,Lead Generation
SKILLS,Sales Management
SKILLS,Team Management
SKILLS,Financial Audits
SKILLS,IFRS
SKILLS,Managerial Finance
SKILLS,2G
SKILLS,3G
SKILLS,Cabling
SKILLS,Fiber Optics
SKILLS,GSM
SKILLS,IP
SKILLS,Microwave
SKILLS,NSN
SKILLS,PDH
SKILLS,SDH
SKILLS,Telecommunications
SKILLS,Transmission
SKILLS,UMTS
SKILLS,WCDMA
SKILLS,Product Management
SKILLS,Solution Selling
SKILLS,Strategic Partnerships
SKILLS,MS Project
SKILLS,Software Project Management
SKILLS,Commissioning
SKILLS,Energy
SKILLS,Engineering
SKILLS,Engineering Management
SKILLS,Mechanical Engineering
SKILLS,Project Engineering
SKILLS,Facebook
SKILLS,Social Networking
SKILLS,Banquets
SKILLS,Catering
SKILLS,Cooking
SKILLS,Cuisine
SKILLS,Culinary Skills
SKILLS,Fine Dining
SKILLS,Food
SKILLS,Food & Beverage
SKILLS,Food Safety
SKILLS,Food Service
SKILLS,Hospitality
SKILLS,Hospitality Industry
SKILLS,Hospitality Management
SKILLS,Hotels
SKILLS,Menu Development
SKILLS,Pre-opening
SKILLS,Recipes
SKILLS,Restaurant Management
SKILLS,Restaurants
SKILLS,Sanitation
SKILLS,Aspen HYSYS
SKILLS,Chemical Engineering
SKILLS,Design of Experiments
SKILLS,HAZOP
SKILLS,P&ID
SKILLS,Petrochemical
SKILLS,Process Engineering
SKILLS,Process Optimization
SKILLS,Process Simulation
SKILLS,R&D
SKILLS,Six Sigma
SKILLS,SPC
SKILLS,CCNA
SKILLS,Cisco Technologies
SKILLS,Firewalls
SKILLS,Network Administration
SKILLS,Network Design
SKILLS,Network Engineering
SKILLS,Network Security
SKILLS,Routers
SKILLS,Routing
SKILLS,Security
SKILLS,Switches
SKILLS,TCP/IP
SKILLS,VMware
SKILLS,VPN
SKILLS,WAN
SKILLS,Economics
SKILLS,ACLS
SKILLS,Acute Care
SKILLS,BLS
SKILLS,Clinical Research
SKILLS,Critical Care
SKILLS,Healthcare Information Technology
SKILLS,Healthcare Management
SKILLS,Hospitals
SKILLS,ICU
SKILLS,Inpatient
SKILLS,Medical/Surgical
SKILLS,Nursing
SKILLS,Patient Safety
SKILLS,Pediatrics
SKILLS,Policy
SKILLS,Drilling
SKILLS,Formation Evaluation
SKILLS,Gas
SKILLS,Oil/Gas
SKILLS,Oilfield
SKILLS,Onshore
SKILLS,Petroleum
SKILLS,Petroleum Engineering
SKILLS,Electronics
SKILLS,Manual Testing
SKILLS,Matlab
SKILLS,Quality Assurance
SKILLS,Quality Center
SKILLS,Regression Testing
SKILLS,System Testing
SKILLS,Test Automation
SKILLS,Test Cases
SKILLS,Test Management
SKILLS,Test Planning
SKILLS,Testing
SKILLS,Unix
SKILLS,User Acceptance Testing
SKILLS,Databases
SKILLS,Oracle
SKILLS,SDLC
SKILLS,Systems Analysis
SKILLS,B2B
SKILLS,Direct Sales
SKILLS,Sales Operations
SKILLS,Sales Process
SKILLS,Salesforce.com
SKILLS,Selling
SKILLS,Building Services
SKILLS,Document Management
SKILLS,Documentum
SKILLS,EPC
SKILLS,Inspection
SKILLS,Project Coordination
SKILLS,SharePoint
SKILLS,Software Documentation
SKILLS,Clinical Nutrition
SKILLS,Diabetes
SKILLS,Dietetics
SKILLS,Health Education
SKILLS,Health Promotion
SKILLS,Medical Nutrition Therapy
SKILLS,Nutrition
SKILLS,Nutrition Education
SKILLS,Nutritional Counseling
SKILLS,Prevention
SKILLS,Public Health
SKILLS,Sports Nutrition
SKILLS,Weight
SKILLS,Weight Management
SKILLS,Wellness
SKILLS,Servers
SKILLS,System Administration
SKILLS,Technical Support
SKILLS,Virtualization
SKILLS,Windows Server
SKILLS,C
SKILLS,CSS
SKILLS,PHP
SKILLS,Python
SKILLS,Software Engineering
SKILLS,ERP
SKILLS,Requirements Gathering
SKILLS,Visio
SKILLS,UML
SKILLS,Online Advertising
SKILLS,5S
SKILLS,Kaizen
SKILLS,Maintenance & Repair
SKILLS,Maintenance Management
SKILLS,Plant Maintenance
SKILLS,Preventive Maintenance
SKILLS,Root Cause Analysis
SKILLS,TPM
SKILLS,Capacity Building
SKILLS,Energy Industry
SKILLS,Factory
SKILLS,International Development
SKILLS,LNG
SKILLS,Oil & Gas Industry
SKILLS,Pipelines
SKILLS,Upstream
SKILLS,Eclipse
SKILLS,Hibernate
SKILLS,Java Enterprise Edition
SKILLS,JDBC
SKILLS,JSP
SKILLS,OOP
SKILLS,Spring
SKILLS,Struts
SKILLS,Tomcat
SKILLS,Accident Investigation
SKILLS,Behavior Based Safety
SKILLS,Construction Safety
SKILLS,EHS
SKILLS,Emergency Management
SKILLS,Hazard Analysis
SKILLS,Hazard Identification
SKILLS,Industrial Safety
SKILLS,Occupational Health
SKILLS,Process Safety
SKILLS,Risk Assessment
SKILLS,Safety Engineering
SKILLS,Safety Management Systems
SKILLS,Employee Benefits
SKILLS,Employee Engagement
SKILLS,HR Consulting
SKILLS,HR Policies
SKILLS,HRIS
SKILLS,Interviews
SKILLS,Onboarding
SKILLS,Organizational Development
SKILLS,Performance Management
SKILLS,Personnel Management
SKILLS,Sourcing
SKILLS,Talent Acquisition
SKILLS,Talent Management
SKILLS,Technical Recruiting
SKILLS,Fundraising
SKILLS,Nonprofits
SKILLS,Program Development
SKILLS,Algorithms
SKILLS,Embedded Software
SKILLS,Embedded Systems
SKILLS,Machine Learning
SKILLS,Programming
SKILLS,Semiconductors
SKILLS,Simulations
SKILLS,Architectural Drawings
SKILLS,AutoCAD Architecture
SKILLS,BIM
SKILLS,CAD
SKILLS,Construction Drawings
SKILLS,Rhino
SKILLS,Submittals
SKILLS,Cost Accounting
SKILLS,Sarbanes-Oxley Act
SKILLS,Variance Analysis
SKILLS,Benefits Negotiation
SKILLS,Contract Recruitment
SKILLS,Employer Branding
SKILLS,Executive Search
SKILLS,Internet Recruiting
SKILLS,Screening
SKILLS,Gourmet
SKILLS,Analytics
SKILLS,Data Analysis
SKILLS,Enterprise Software
SKILLS,Pre-sales
SKILLS,Solution Architecture
SKILLS,RF
SKILLS,Windows
SKILLS,Wireless
SKILLS,Perl
SKILLS,Simulink
SKILLS,Computed Tomography
SKILLS,Digital Imaging
SKILLS,Digital Radiography
SKILLS,Medical Imaging
SKILLS,PACS
SKILLS,Quality Patient Care
SKILLS,Radiography
SKILLS,Radiology
SKILLS,X-ray
SKILLS,Blogging
SKILLS,Communications Planning
SKILLS,Journalism
SKILLS,Media Planning
SKILLS,Media Relations
SKILLS,New Media
SKILLS,Newsletters
SKILLS,Online Marketing
SKILLS,Strategic Communications
SKILLS,Pharmaceutical Sales
SKILLS,Beauty
SKILLS,Beauty Industry
SKILLS,Cosmetics
SKILLS,Fashion
SKILLS,Fragrance
SKILLS,Makeup Artistry
SKILLS,Merchandising
SKILLS,Skin Care
SKILLS,Concept Design
SKILLS,Design Strategy
SKILLS,Design Thinking
SKILLS,Experience Design
SKILLS,Industrial Design
SKILLS,Product Design
SKILLS,Rendering
SKILLS,Sketching
SKILLS,User-centered Design
SKILLS,not_available
SKILLS,E-commerce
SKILLS,Go-to-market Strategy
SKILLS,Mobile Applications
SKILLS,Mobile Devices
SKILLS,SaaS
SKILLS,Cash Flow
SKILLS,Internal Audit
SKILLS,MIS
SKILLS,Strategic Financial Planning
SKILLS,Business Transformation
SKILLS,Leadership Development
SKILLS,Organizational Design
SKILLS,Organizational Effectiveness
SKILLS,Piping
SKILLS,Power Plants
SKILLS,Biotechnology
SKILLS,CAPA
SKILLS,CE marking
SKILLS,Change Control
SKILLS,Clinical Development
SKILLS,Clinical Trials
SKILLS,Design Control
SKILLS,FDA
SKILLS,GMP
SKILLS,Medical Devices
SKILLS,Pharmaceutical Industry
SKILLS,PMA
SKILLS,Quality System
SKILLS,Regulatory Affairs
SKILLS,Regulatory Requirements
SKILLS,Regulatory Submissions
SKILLS,Sop
SKILLS,V&V
SKILLS,Validation
SKILLS,DNS
SKILLS,Copy Editing
SKILLS,Copywriting
SKILLS,Digital Media
SKILLS,Editorial
SKILLS,Film
SKILLS,Final Cut Pro
SKILLS,Magazines
SKILLS,Press Releases
SKILLS,Publications
SKILLS,Publishing
SKILLS,Television
SKILLS,Video
SKILLS,Writing
SKILLS,Acoustics
SKILLS,Renewable Energy
SKILLS,Signal Processing
SKILLS,Cold Calling
SKILLS,Automation
SKILLS,International Sales
SKILLS,Key Account Management
SKILLS,Customer Satisfaction
SKILLS,Git
SKILLS,Aspen Plus
SKILLS,Chemistry
SKILLS,Polymers
SKILLS,Technology Transfer
SKILLS,Apartments
SKILLS,Commercial Real Estate
SKILLS,Disposition
SKILLS,Investment Properties
SKILLS,Lease Administration
SKILLS,Leases
SKILLS,Property
SKILLS,Property Management
SKILLS,Real Estate
SKILLS,Real Estate Development
SKILLS,Real Estate Transactions
SKILLS,Rentals
SKILLS,Residential Homes
SKILLS,Tenant
SKILLS,Yardi
SKILLS,ISO
SKILLS,Quality Control
SKILLS,Fire Safety
SKILLS,Hazard Recognition
SKILLS,Hazardous Materials
SKILLS,Incident Investigation
SKILLS,Industrial Hygiene
SKILLS,Safety Auditing
SKILLS,Safety Training
SKILLS,Workplace Safety
SKILLS,Italian Cuisine
SKILLS,Pastry
SKILLS,Capital Markets
SKILLS,Equities
SKILLS,Biochemistry
SKILLS,Cell Culture
SKILLS,LaTeX
SKILLS,Lifesciences
SKILLS,Molecular Biology
SKILLS,PCR
SKILLS,Science
SKILLS,Statistics
SKILLS,Clerical Skills
SKILLS,Hotel Management
SKILLS,Resorts
SKILLS,Rooms Division
SKILLS,Pricing
SKILLS,Pricing Strategy
SKILLS,Concrete
SKILLS,Electrical Engineering
SKILLS,Rail
SKILLS,Commercial Lending
SKILLS,Axure
SKILLS,HTML 5
SKILLS,Information Architecture
SKILLS,Usability
SKILLS,Usability Testing
SKILLS,User Experience Design
SKILLS,User Interface
SKILLS,User Research
SKILLS,Visual Design
SKILLS,Wireframes
SKILLS,Dreamweaver
SKILLS,Flash
SKILLS,SEO
SKILLS,Web Development
SKILLS,WordPress
SKILLS,XHTML
SKILLS,Creative Writing
SKILLS,Storytelling
SKILLS,APQP
SKILLS,DMAIC
SKILLS,FMEA
SKILLS,Manufacturing Engineering
SKILLS,PPAP
SKILLS,Quality Management
SKILLS,Supplier Quality
SKILLS,Value Stream Mapping
SKILLS,FF&E
SKILLS,Floor Plans
SKILLS,Furnishings
SKILLS,Furniture
SKILLS,Interior Architecture
SKILLS,Residential Design
SKILLS,Space Planning
SKILLS,Space-planning
SKILLS,Climate Change
SKILLS,Corporate Social Responsibility
SKILLS,Environmental Auditing
SKILLS,Environmental Awareness
SKILLS,Environmental Compliance
SKILLS,Environmental Consulting
SKILLS,Environmental Engineering
SKILLS,Environmental Impact Assessment
SKILLS,Environmental Management Systems
SKILLS,Environmental Policy
SKILLS,Environmental Science
SKILLS,Groundwater
SKILLS,Groundwater Remediation
SKILLS,Remediation
SKILLS,Sustainability
SKILLS,Sustainable Development
SKILLS,Waste Management
SKILLS,Water
SKILLS,Water Quality
SKILLS,CISSP
SKILLS,Computer Security
SKILLS,Information Security
SKILLS,Information Security Management
SKILLS,Penetration Testing
SKILLS,Security Audits
SKILLS,Vulnerability Assessment
SKILLS,Vulnerability Management
SKILLS,JIRA
SKILLS,Software Quality Assurance
SKILLS,Permanent Placement
SKILLS,Recruitment Advertising
SKILLS,Screening Resumes
SKILLS,Bridal Showers
SKILLS,Cosmetology
SKILLS,Hair Care
SKILLS,Hair Cutting
SKILLS,Hair Straightening
SKILLS,Keratin Treatment
SKILLS,Salons
SKILLS,Styling
SKILLS,Waxing
SKILLS,PMP
SKILLS,Ant
SKILLS,EJB
SKILLS,JBoss Application Server
SKILLS,JUnit
SKILLS,Maven
SKILLS,Servlets
SKILLS,Computer Hardware
SKILLS,Microsoft Exchange
SKILLS,Windows 7
SKILLS,Coaching
SKILLS,Journal Entries
SKILLS,QuickBooks
SKILLS,Design for Manufacturing
SKILLS,Engineering Design
SKILLS,Finite Element Analysis
SKILLS,GD&T
SKILLS,HVAC
SKILLS,Pro Engineer
SKILLS,Sheet Metal
SKILLS,Solidworks
SKILLS,Accruals
SKILLS,Bookkeeping
SKILLS,Invoicing
SKILLS,Global Sourcing
SKILLS,GLP
SKILLS,GxP
SKILLS,HACCP
SKILLS,Quality Auditing
SKILLS,Freight
SKILLS,Transportation
SKILLS,Trucking
SKILLS,Warehousing
SKILLS,Access Control
SKILLS,CCTV
SKILLS,Corporate Security
SKILLS,Executive Protection
SKILLS,Firearms
SKILLS,Investigation
SKILLS,Personal Protection
SKILLS,Personal Security
SKILLS,Physical Security
SKILLS,Private Investigations
SKILLS,Protection
SKILLS,Security Management
SKILLS,Security Operations
SKILLS,Security Training
SKILLS,Surveillance
SKILLS,Workplace Violence
SKILLS,Direct Mail
SKILLS,Email Marketing
SKILLS,Succession Planning
SKILLS,Artificial Intelligence
SKILLS,Computer Science
SKILLS,Data Mining
SKILLS,Facilities Management
SKILLS,Econometrics
SKILLS,Economic Policy
SKILLS,Economic Research
SKILLS,Emerging Markets
SKILLS,Eviews
SKILLS,Financial Markets
SKILLS,International Economics
SKILLS,Macroeconomics
SKILLS,Monetary Policy
SKILLS,Policy Analysis
SKILLS,Public Policy
SKILLS,Stata
SKILLS,Time Series Analysis
SKILLS,Home Care
SKILLS,Nursing Education
SKILLS,Governance
SKILLS,Outsourcing
SKILLS,PRINCE2
SKILLS,Project Delivery
SKILLS,Project Portfolio Management
SKILLS,Stakeholder Management
SKILLS,ClearCase
SKILLS,Debugging
SKILLS,Distributed Systems
SKILLS,Object Oriented Design
SKILLS,Software Design
SKILLS,Arc Welding
SKILLS,Metal Fabrication
SKILLS,MIG Welding
SKILLS,NDT
SKILLS,Offshore Drilling
SKILLS,Pressure Vessels
SKILLS,Stainless Steel
SKILLS,TIG Welding
SKILLS,Welding
SKILLS,VoIP
SKILLS,Control Systems Design
SKILLS,DCS
SKILLS,Instrumentation
SKILLS,PLC
SKILLS,Process Control
SKILLS,SCADA
SKILLS,ANSYS
SKILLS,Driving Results
SKILLS,Inventory Control
SKILLS,Loss Prevention
SKILLS,Profit
SKILLS,Retail Sales
SKILLS,Store Management
SKILLS,Store Operations
SKILLS,Visual Merchandising
SKILLS,EHR
SKILLS,Assay Development
SKILLS,Cell Biology
SKILLS,Drug Development
SKILLS,Drug Discovery
SKILLS,Protein Chemistry
SKILLS,Administrative Law
SKILLS,Alternative Dispute Resolution
SKILLS,Appeals
SKILLS,Arbitration
SKILLS,Civil Litigation
SKILLS,Commercial Litigation
SKILLS,Construction Law
SKILLS,Courts
SKILLS,Criminal Law
SKILLS,Dispute
SKILLS,Dispute Resolution
SKILLS,Intellectual Property
SKILLS,International Law
SKILLS,Legal Advice
SKILLS,Legal Assistance
SKILLS,Legal Research
SKILLS,Legal Writing
SKILLS,Litigation
SKILLS,Mediation
SKILLS,Professional Negligence
SKILLS,Power Generation
SKILLS,Creative Strategy
SKILLS,Digital Strategy
SKILLS,Direct Marketing
SKILLS,Mobile Marketing
SKILLS,Commodity
SKILLS,Commodity Markets
SKILLS,Derivatives
SKILLS,Electronic Trading
SKILLS,Equity Derivatives
SKILLS,Fixed Income
SKILLS,FX Options
SKILLS,FX Trading
SKILLS,Hedging
SKILLS,Options
SKILLS,Structured Products
SKILLS,Trading
SKILLS,Bridge
SKILLS,Drainage
SKILLS,Geotechnical Engineering
SKILLS,Highways
SKILLS,Road
SKILLS,Structural Analysis
SKILLS,Structural Engineering
SKILLS,Transportation Engineering
SKILLS,Systems Engineering
SKILLS,Content Development
SKILLS,Content Management
SKILLS,Content Strategy
SKILLS,E-Learning
SKILLS,Instructional Design
SKILLS,Web Content
SKILLS,Automotive
SKILLS,Buyer Representation
SKILLS,Condos
SKILLS,Foreclosures
SKILLS,Listings
SKILLS,Luxury
SKILLS,New Home Sales
SKILLS,Referrals
SKILLS,Relocation
SKILLS,REO
SKILLS,Short Sales
SKILLS,Single Family Homes
SKILLS,Close Protection
SKILLS,Crisis Management
SKILLS,Security Awareness
SKILLS,Educational Leadership
SKILLS,Educational Technology
SKILLS,Elementary Education
SKILLS,Higher Education
SKILLS,Teacher Training
SKILLS,Tutoring
SKILLS,Concierge Services
SKILLS,Front Office
SKILLS,Guest Service Management
SKILLS,Micros
SKILLS,Opera
SKILLS,Property Management Systems
SKILLS,Tourism
SKILLS,Scalability
SKILLS,Back Pain
SKILLS,Exercise Prescription
SKILLS,Functional Training
SKILLS,Injury
SKILLS,Injury Prevention
SKILLS,Manual Therapy
SKILLS,Musculoskeletal
SKILLS,Orthopedic
SKILLS,Pain Management
SKILLS,Physical Therapy
SKILLS,Rehabilitation
SKILLS,Sports
SKILLS,Sports Injuries
SKILLS,Sports Medicine
SKILLS,Treatment
SKILLS,Fitness
SKILLS,Fitness Training
SKILLS,Personal Training
SKILLS,Wellness Coaching
SKILLS,Information Technology
SKILLS,Grant Writing
SKILLS,Non-profits
SKILLS,Volunteer Management
SKILLS,Product Launch
SKILLS,Juniper
SKILLS,AV
SKILLS,Entertainment
SKILLS,Labview
SKILLS,Lighting
SKILLS,Calibration
SKILLS,Control Valves
SKILLS,Pressure
SKILLS,Refinery
SKILLS,Agile Testing
SKILLS,Defect Tracking
SKILLS,Performance Testing
SKILLS,QTP
SKILLS,System Integration Testing
SKILLS,Test Strategy
SKILLS,Army
SKILLS,Command
SKILLS,Defense
SKILLS,DoD
SKILLS,Force Protection
SKILLS,Government
SKILLS,Intelligence
SKILLS,Intelligence Analysis
SKILLS,Military
SKILLS,Military Experience
SKILLS,Military Operations
SKILLS,National Security
SKILLS,Operational Planning
SKILLS,Security Clearance
SKILLS,Electrical Safety
SKILLS,Electrical Troubleshooting
SKILLS,Electricity
SKILLS,Power Distribution
SKILLS,Wiring
SKILLS,Aphasia
SKILLS,Apraxia
SKILLS,Articulation
SKILLS,Autism Spectrum Disorders
SKILLS,Cognition
SKILLS,Communication Disorders
SKILLS,Developmental Disabilities
SKILLS,Dysarthria
SKILLS,Dysphagia
SKILLS,Early Intervention
SKILLS,Interventions
SKILLS,Language Disorders
SKILLS,Learning Disabilities
SKILLS,Special Education
SKILLS,Speech
SKILLS,Speech Therapy
SKILLS,Traumatic Brain Injury
SKILLS,Recruitments
SKILLS,Brand Architecture
SKILLS,Urban Planning
SKILLS,High Availability
SKILLS,Infrastructure
SKILLS,Storage
SKILLS,VMware ESX
SKILLS,Employee Training
SKILLS,Advertising Research
SKILLS,Brand Equity
SKILLS,Competitive Intelligence
SKILLS,Consumer Behaviour
SKILLS,Focus Groups
SKILLS,Market Analysis
SKILLS,Market Intelligence
SKILLS,Marketing Research
SKILLS,Primary Research
SKILLS,Qualitative Research
SKILLS,Quantitative Research
SKILLS,Segmentation
SKILLS,Corporate Tax
SKILLS,CPA
SKILLS,GAAP
SKILLS,Income Tax
SKILLS,International Tax
SKILLS,Partnership Taxation
SKILLS,Tax Accounting
SKILLS,Tax Advisory
SKILLS,Tax Law
SKILLS,Tax Preparation
SKILLS,Tax Research
SKILLS,Tax Returns
SKILLS,US GAAP
SKILLS,Band
SKILLS,Chamber Music
SKILLS,Choral
SKILLS,Classical
SKILLS,Composition
SKILLS,Ensemble
SKILLS,Music
SKILLS,Music Education
SKILLS,Music Theory
SKILLS,Musical Theatre
SKILLS,Orchestral Music
SKILLS,Piano
SKILLS,Singing
SKILLS,Songwriting
SKILLS,Political Campaigns
SKILLS,Politics
SKILLS,Competition Law
SKILLS,Contract Law
SKILLS,Corporate Governance
SKILLS,Corporate Law
SKILLS,Employment Law
SKILLS,Joint Ventures
SKILLS,Africa
SKILLS,Civil Society
SKILLS,Community Development
SKILLS,Human Rights
SKILLS,Humanitarian Assistance
SKILLS,International Organizations
SKILLS,International Relations
SKILLS,NGOs
SKILLS,Program Evaluation
SKILLS,Proposal Writing
SKILLS,Product Engineering
SKILLS,Process Automation
SKILLS,Hedge Funds
SKILLS,Trading Strategies
SKILLS,Trading Systems
SKILLS,Logistics Management
SKILLS,Military Logistics
SKILLS,Mental Health
SKILLS,Occupational Therapy
SKILLS,Model Making
SKILLS,Data Architecture
SKILLS,Data Integration
SKILLS,Data Modeling
SKILLS,Data Warehouse Architecture
SKILLS,Data Warehousing
SKILLS,Database Design
SKILLS,ETL
SKILLS,Master Data Management
SKILLS,PL/SQL
SKILLS,REST
SKILLS,Professional Services
SKILLS,Change Orders
SKILLS,CPM Scheduling
SKILLS,Pre-construction
SKILLS,Primavera P6
SKILLS,Project Bidding
SKILLS,Renovation
SKILLS,Application Security
SKILLS,Business Continuity
SKILLS,CISA
SKILLS,Identity Management
SKILLS,PCI DSS
SKILLS,Security Architecture Design
SKILLS,Image Processing
SKILLS,Alternative Investments
SKILLS,FPGA
SKILLS,ASIC
SKILLS,Verilog
SKILLS,Actuarial Science
SKILLS,Actuaries
SKILLS,ALM
SKILLS,Insurance
SKILLS,Pensions
SKILLS,Reinsurance
SKILLS,SAS
SKILLS,Statistical Modeling
SKILLS,VBA
SKILLS,3D
SKILLS,3D Modeling
SKILLS,After Effects
SKILLS,Animation
SKILLS,Character Animation
SKILLS,Compositing
SKILLS,Computer Animation
SKILLS,Computer Graphics
SKILLS,Digital Compositing
SKILLS,Look Development
SKILLS,Maya
SKILLS,Mental Ray
SKILLS,Modeling
SKILLS,Nuke
SKILLS,Texturing
SKILLS,Traditional Animation
SKILLS,Visual Effects
SKILLS,Adolescents
SKILLS,Behavioral Health
SKILLS,Case Managment
SKILLS,CBT
SKILLS,Counseling Psychology
SKILLS,Crisis Intervention
SKILLS,Family Therapy
SKILLS,Group Therapy
SKILLS,Mental Health Counseling
SKILLS,Psychology
SKILLS,Psychotherapy
SKILLS,Social Services
SKILLS,Adult Education
SKILLS,Biomedical Engineering
SKILLS,Incident Management
SKILLS,Service Delivery
SKILLS,Service Management
SKILLS,Business Requirements
SKILLS,Corporate Communications
SKILLS,IPO
SKILLS,Academic Libraries
SKILLS,Cataloging
SKILLS,Collection Development
SKILLS,Digital Libraries
SKILLS,Electronic Resources
SKILLS,Information Literacy
SKILLS,Information Retrieval
SKILLS,Library
SKILLS,Library Instruction
SKILLS,Library Management
SKILLS,Library Reference
SKILLS,Library Research
SKILLS,Library Science
SKILLS,Metadata
SKILLS,Virtual Reference
SKILLS,Compounding
SKILLS,Pharmacy
SKILLS,Heavy Lifting
SKILLS,Offshore
SKILLS,Offshore Construction
SKILLS,Offshore Oil & Gas
SKILLS,Offshore Operations
SKILLS,Subsea Engineering
SKILLS,External Audit
SKILLS,AML
SKILLS,Compliance
SKILLS,Power Systems
SKILLS,Broadcast
SKILLS,Film Production
SKILLS,Post Production
SKILLS,Producing
SKILLS,Video Editing
SKILLS,Video Production
SKILLS,Google Adwords
SKILLS,Google Analytics
SKILLS,SEM
SKILLS,Web Analytics
SKILLS,T-SQL
SKILLS,Graduate Recruitment
SKILLS,Field Service
SKILLS,Hardware
SKILLS,Operating Systems
SKILLS,Software Installation
SKILLS,BGP
SKILLS,Cisco iOS
SKILLS,Network Architecture
SKILLS,Highway Design
SKILLS,Microstation
SKILLS,Athletics
SKILLS,Differentiated Instruction
SKILLS,Physical Education
SKILLS,Secondary Education
SKILLS,Sports Coaching
SKILLS,MRP
SKILLS,Shipping
SKILLS,Deferred Compensation
SKILLS,Business Analytics
SKILLS,Omniture
SKILLS,Predictive Analytics
SKILLS,Predictive Modeling
SKILLS,Branding & Identity
SKILLS,Brochures
SKILLS,Corporate Identity
SKILLS,Layout
SKILLS,Posters
SKILLS,Mathematical Modeling
SKILLS,Visual Studio
SKILLS,Apparel
SKILLS,Luxury Goods
SKILLS,Feasibility Studies
SKILLS,FIDIC
SKILLS,AutoCAD Civil 3D
SKILLS,Bentley Microstation
SKILLS,Land Development
SKILLS,Background Art
SKILLS,Cartoons
SKILLS,Design Management
SKILLS,Feature Films
SKILLS,Basel II
SKILLS,Market Risk
SKILLS,International Logistics
SKILLS,Financial Management
SKILLS,Corporate Events
SKILLS,Sponsorship
SKILLS,Gait Analysis
SKILLS,Mandarin
SKILLS,Myofascial Release
SKILLS,Metrology
SKILLS,Semiconductor Industry
SKILLS,Silicon
SKILLS,SAN
SKILLS,ADP Payroll
SKILLS,Benefits Administration
SKILLS,Ceridian
SKILLS,Kronos
SKILLS,PeopleSoft
SKILLS,Earthworks
SKILLS,Clinical Psychology
SKILLS,Clinical Supervision
SKILLS,Mindfulness
SKILLS,Psychological Assessment
SKILLS,Psychological Testing
SKILLS,Stress Management
SKILLS,Agribusiness
SKILLS,Agriculture
SKILLS,Agrochemicals
SKILLS,Agronomy
SKILLS,Corn
SKILLS,Crop
SKILLS,Crop Protection
SKILLS,Farms
SKILLS,Genetics
SKILLS,Genomics
SKILLS,Horticulture
SKILLS,Sustainable Agriculture
SKILLS,Dentistry
SKILLS,Clinical Data Management
SKILLS,Clinical Monitoring
SKILLS,CRO
SKILLS,CTMS
SKILLS,EDC
SKILLS,GCP
SKILLS,ICH-GCP
SKILLS,IRB
SKILLS,Oncology
SKILLS,Protocol
SKILLS,Data Management
SKILLS,Earth Science
SKILLS,Information Management
SKILLS,Oracle Clinical
SKILLS,Heat Transfer
SKILLS,Laboratory
SKILLS,Organizational Leadership
SKILLS,Top Secret
SKILLS,JSON
SKILLS,MVC
SKILLS,Manufacturing Operations Management
SKILLS,ArcGIS
SKILLS,GIS
SKILLS,Land Use
SKILLS,Land Use Planning
SKILLS,Regional Planning
SKILLS,Transportation Planning
SKILLS,Urban
SKILLS,Urban Regeneration
SKILLS,Zoning
SKILLS,Documentaries
SKILLS,Motion Graphics
SKILLS,Multimedia
SKILLS,Premiere
SKILLS,Videography
SKILLS,Computer Forensics
SKILLS,IDS
SKILLS,Security Policy
SKILLS,Cash Management
SKILLS,Marine Engineering
SKILLS,Maritime
SKILLS,Maritime Operations
SKILLS,Customer Retention
SKILLS,Performance Appraisal
SKILLS,Equity Research
SKILLS,Garden Design
SKILLS,Landscape Architecture
SKILLS,Landscape Design
SKILLS,Landscaping
SKILLS,Parks
SKILLS,Site Planning
SKILLS,Site Plans
SKILLS,Streetscape
SKILLS,First Aid
SKILLS,Supervisory Skills
SKILLS,Behavior Management
SKILLS,Literacy
SKILLS,ABAP
SKILLS,Data Migration
SKILLS,ECC
SKILLS,IDOC
SKILLS,SAP BW
SKILLS,SAP ERP
SKILLS,SAP FI
SKILLS,SAP Implementation
SKILLS,SAP MM
SKILLS,SAP Netweaver
SKILLS,SAP R/3
SKILLS,SD
SKILLS,Catia
SKILLS,Solid Modeling
SKILLS,Commercials
SKILLS,ActionScript
SKILLS,Android
SKILLS,Game Design
SKILLS,Game Development
SKILLS,Game Programming
SKILLS,iOS Development
SKILLS,Mobile Games
SKILLS,Objective-C
SKILLS,Unity3D
SKILLS,Video Games
SKILLS,Pattern Recognition
SKILLS,PMO
SKILLS,Constructability
SKILLS,Estimates
SKILLS,Aerospace
SKILLS,Aircraft
SKILLS,Aircraft Maintenance
SKILLS,Admissions
SKILLS,Career Counseling
SKILLS,Resume Writing
SKILLS,PPC
SKILLS,Bartending
SKILLS,Mobile Advertising
SKILLS,Market Development
SKILLS,KYC
SKILLS,OFAC
SKILLS,Custom Furniture
SKILLS,Finish
SKILLS,Analytical Skills
SKILLS,Communication
SKILLS,Communication Skills
SKILLS,Analog
SKILLS,Firmware
SKILLS,Hardware Architecture
SKILLS,Microcontrollers
SKILLS,PCB Design
SKILLS,VHDL
SKILLS,Citrix
SKILLS,Help Desk Support
SKILLS,XP
SKILLS,Dutch
SKILLS,Call Centers
SKILLS,Internal Communications
SKILLS,New Hire Orientations
SKILLS,Warehouse Management
SKILLS,Foreign Languages
SKILLS,French
SKILLS,Interpreting
SKILLS,Linguistics
SKILLS,Localization
SKILLS,Proofreading
SKILLS,Spanish
SKILLS,Technical Translation
SKILLS,Translation
SKILLS,Accompaniment
SKILLS,Contemporary Music
SKILLS,Festivals
SKILLS,Improvisation
SKILLS,Music History
SKILLS,Orchestration
SKILLS,Performing Arts
SKILLS,Piano Education
SKILLS,Concerts
SKILLS,Conducting
SKILLS,Finale
SKILLS,Hadoop
SKILLS,ARM
SKILLS,Device Drivers
SKILLS,Embedded C
SKILLS,RTOS
SKILLS,Computer Architecture
SKILLS,System Architecture
SKILLS,System Design
SKILLS,IT Audit
SKILLS,Asset Allocation
SKILLS,Asset Managment
SKILLS,Investment Strategies
SKILLS,Legal Issues
SKILLS,Lexis
SKILLS,Trials
SKILLS,Westlaw
SKILLS,Leisure
SKILLS,Revenue Analysis
SKILLS,Yield Management
SKILLS,Crisis Communications
SKILLS,Public Affairs
SKILLS,Estate Planning
SKILLS,Financial Advisory
SKILLS,Investment Advisory
SKILLS,Life Insurance
SKILLS,Mutual Funds
SKILLS,Retirement
SKILLS,Retirement Planning
SKILLS,Series 7
SKILLS,Wealth Management
SKILLS,Hematology
SKILLS,Immunology
SKILLS,Laboratory Medicine
SKILLS,Microbiology
SKILLS,Nanotechnology
SKILLS,Physics
SKILLS,Scientific Computing
SKILLS,Spectroscopy
SKILLS,CCNP
SKILLS,EIGRP
SKILLS,MPLS
SKILLS,OSPF
SKILLS,QoS
SKILLS,Routing Protocols
SKILLS,Air Compressors
SKILLS,Boilers
SKILLS,Pumps
SKILLS,Shipbuilding
SKILLS,COBIT
SKILLS,Enterprise Risk Management
SKILLS,Computer Games
SKILLS,Gameplay
SKILLS,Perforce
SKILLS,PS3
SKILLS,Production Planning
SKILLS,Energy Management
SKILLS,Financials
SKILLS,OBIEE
SKILLS,Oracle Applications
SKILLS,Oracle Discoverer
SKILLS,Oracle E-Business Suite
SKILLS,Oracle HR
SKILLS,Oracle Reports
SKILLS,Corporate Real Estate
SKILLS,Lease Negotiations
SKILLS,Lecturing
SKILLS,Legal Documents
SKILLS,Litigation Support
SKILLS,Relationship Management
SKILLS,DICOM
SKILLS,Image Analysis
SKILLS,Medical Physics
SKILLS,MRI
SKILLS,Nuclear Medicine
SKILLS,Radiation
SKILLS,Radiation Protection
SKILLS,Radiation Safety
SKILLS,Radiation Therapy
SKILLS,Condition Monitoring
SKILLS,Mining
SKILLS,Planned Preventative Maintenance
SKILLS,Predictive Maintenance
SKILLS,Analytical Chemistry
SKILLS,Chromatography
SKILLS,Gas Chromatography
SKILLS,HPLC
SKILLS,LIMS
SKILLS,Organic Chemistry
SKILLS,UV/Vis
SKILLS,Electrical
SKILLS,Electrical Design
SKILLS,Excel
SKILLS,Student Affairs
SKILLS,Textiles
SKILLS,Trend
SKILLS,Trend Analysis
SKILLS,Cell
SKILLS,Microscopy
SKILLS,Molecular Cloning
SKILLS,Western Blotting
SKILLS,SAP SD
SKILLS,SAPScript
SKILLS,Patient Advocacy
SKILLS,Telemetry
SKILLS,University Teaching
SKILLS,Biostatistics
SKILLS,Community Health
SKILLS,Epidemiology
SKILLS,Global Health
SKILLS,Health Policy
SKILLS,Infectious Diseases
SKILLS,Literature Reviews
SKILLS,SPSS
SKILLS,Logistic Regression
SKILLS,Quantitative Analytics
SKILLS,SAS Programming
SKILLS,Education Reform
SKILLS,Educational Consulting
SKILLS,Technology Integration
SKILLS,Personal Development
SKILLS,Case Management
SKILLS,Medical Social Work
SKILLS,Motivational Interviewing
SKILLS,Oil&Gas
SKILLS,Corporate Development
SKILLS,Microsoft Technologies
SKILLS,Health Insurance
SKILLS,Public Libraries
SKILLS,Drawing
SKILLS,Casualty
SKILLS,Commercial Insurance
SKILLS,Disability Insurance
SKILLS,Fixed Annuities
SKILLS,General Insurance
SKILLS,Homeowners
SKILLS,Property & Casualty Insurance
SKILLS,Small Business
SKILLS,Term Life Insurance
SKILLS,Umbrella Insurance
SKILLS,Workers Compensation
SKILLS,Laptops
SKILLS,Problem Solving
SKILLS,Blueprint Reading
SKILLS,Construction Site Management
SKILLS,CSCS
SKILLS,Site Management
SKILLS,SMSTS
SKILLS,Social Housing
SKILLS,International Education
SKILLS,Customer Support
SKILLS,Injection Molding
SKILLS,Tolerance Analysis
SKILLS,Art
SKILLS,Consolidation
SKILLS,Demand Forecasting
SKILLS,Demand Planning
SKILLS,IC
SKILLS,Mixed Signal
SKILLS,Power Management
SKILLS,Corporate Branding
SKILLS,Intrusion Detection
SKILLS,IPS
SKILLS,Database Administration
SKILLS,Performance Tuning
SKILLS,SQL Tuning
SKILLS,Bioinformatics
SKILLS,Core Java
SKILLS,Telephone Skills
SKILLS,Apache
SKILLS,Bakery
SKILLS,Cakes
SKILLS,Chocolate
SKILLS,Food Industry
SKILLS,Food Quality
SKILLS,Ingredients
SKILLS,Menu Costing
SKILLS,Emergency Medicine
SKILLS,Family Medicine
SKILLS,Internal Medicine
SKILLS,International Health
SKILLS,Medical Education
SKILLS,Surgery
SKILLS,Hotel Booking
SKILLS,Revenue Forecasting
SKILLS,Branch Banking
SKILLS,Branch Management
SKILLS,FEED
SKILLS,Humanitarian
SKILLS,Packaging
SKILLS,Materials
SKILLS,Consulting
SKILLS,Elder Care
SKILLS,Interactive Marketing
SKILLS,Media Buying
SKILLS,Operational Risk
SKILLS,Lifestyle
SKILLS,Lifestyle Coaching
SKILLS,Sensors
SKILLS,Advisory Boards
SKILLS,Manuscript
SKILLS,Medical Communications
SKILLS,Medical Writing
SKILLS,Neuroscience
SKILLS,Publication Planning
SKILLS,Scientific Writing
SKILLS,Equipment Maintenance
SKILLS,Pneumatics
SKILLS,BPO
SKILLS,Biofuels
SKILLS,Catalysis
SKILLS,Coatings
SKILLS,Confocal Microscopy
SKILLS,Flow Cytometry
SKILLS,Budgeting
SKILLS,Application Architecture
SKILLS,EAI
SKILLS,TOGAF
SKILLS,Informatics
SKILLS,Anger Management
SKILLS,Diplomacy
SKILLS,Foreign Policy
SKILLS,Self-esteem
SKILLS,Avid
SKILLS,Broadcast Engineering
SKILLS,Broadcast Television
SKILLS,Digital Asset Management
SKILLS,Digital TV
SKILLS,Digital Video
SKILLS,HD Video
SKILLS,IPTV
SKILLS,Non-linear Editing
SKILLS,Radio
SKILLS,Satellite
SKILLS,Sound
SKILLS,Streaming Media
SKILLS,Banking Law
SKILLS,Consumer Law
SKILLS,Document Drafting
SKILLS,Legal Compliance
SKILLS,CMOS
SKILLS,Failure Analysis
SKILLS,Yield
SKILLS,Agile Project Management
SKILLS,Credit Derivatives
SKILLS,Interest Rate Derivatives
SKILLS,Monte Carlo Simulation
SKILLS,Quantitative Finance
SKILLS,Stochastic Calculus
SKILLS,Interactive Advertising
SKILLS,Counterterrorism
SKILLS,Criminal Investigations
SKILLS,Enforcement
SKILLS,Internal Investigations
SKILLS,Police
SKILLS,Cardiology
SKILLS,Hospital Sales
SKILLS,Sales Effectiveness
SKILLS,Workforce Planning
SKILLS,CDMA
SKILLS,LTE
SKILLS,Thin Films
SKILLS,Certified Immunizer
SKILLS,Clinical Pharmacology
SKILLS,Clinical Pharmacy
SKILLS,Community Pharmacy
SKILLS,Immunization
SKILLS,Managed Care
SKILLS,Medication Therapy Management
SKILLS,Patient Counseling
SKILLS,Pharmacology
SKILLS,Pharmacy Automation
SKILLS,Pharmacy Benefit Management
SKILLS,Pharmacy Practice
SKILLS,Advertising Sales
SKILLS,Executive Coaching
SKILLS,Consumer Lending
SKILLS,Cross Selling
SKILLS,Deposits
SKILLS,Lines of Credit
SKILLS,Small Business Lending
SKILLS,in Vitro
SKILLS,Claim
SKILLS,Medicare
SKILLS,Analog Circuit Design
SKILLS,Circuit Design
SKILLS,Integrated Circuit Design
SKILLS,SoC
SKILLS,Claim Investigation
SKILLS,Claims Handling
SKILLS,Claims Management
SKILLS,Commercial Lines
SKILLS,Legal Liability
SKILLS,Liability
SKILLS,Liability Analysis
SKILLS,Litigation Management
SKILLS,Professional Liability
SKILLS,Subrogation
SKILLS,SEC filings
SKILLS,Customer Experience
SKILLS,Acquisition Integration
SKILLS,Executive Management
SKILLS,Assurance
SKILLS,Foundation Design
SKILLS,MathCAD
SKILLS,Reinforced Concrete
SKILLS,STAAD
SKILLS,Steel
SKILLS,Steel Design
SKILLS,Steel Structures
SKILLS,Ethernet
SKILLS,LAN-WAN
SKILLS,Questionnaire Design
SKILLS,Bonds
SKILLS,Currency
SKILLS,Equity Trading
SKILLS,Foreign Exchange
SKILLS,SSIS
SKILLS,Wine
SKILLS,3D Studio Max
SKILLS,Particle Effects
SKILLS,Rotoscoping
SKILLS,Unix Shell Scripting
SKILLS,Web Project Management
SKILLS,Instructional Technology
SKILLS,Actuarial
SKILLS,Defined Benefit
SKILLS,Economic Capital
SKILLS,Embedded Value
SKILLS,Pension Funds
SKILLS,Solvency II
SKILLS,Applicant Tracking Systems
SKILLS,Department Stores
SKILLS,Fashion Shows
SKILLS,Window Displays
SKILLS,Hiring
SKILLS,Income Statement
SKILLS,Production Managment
SKILLS,IT Recruitment
SKILLS,Clinical Operations
SKILLS,Resource Management
SKILLS,A&R
SKILLS,Acting
SKILLS,Live Events
SKILLS,Music Industry
SKILLS,Big 4
SKILLS,Export
SKILLS,International Business
SKILLS,International Trade
SKILLS,Brokerage
SKILLS,Biomaterials
SKILLS,Biomechanics
SKILLS,Operational Excellence
SKILLS,Embedded Linux
SKILLS,Automobile
SKILLS,Indemnity
SKILLS,Insurance Law
SKILLS,Art Education
SKILLS,Art Exhibitions
SKILLS,Art History
SKILLS,Contemporary Art
SKILLS,Curating
SKILLS,Fine Art
SKILLS,Galleries
SKILLS,Painting
SKILLS,Sculpture
SKILLS,Visual Arts
SKILLS,Environment Art
SKILLS,Hard Surface Modeling
SKILLS,Level Design
SKILLS,Low Poly Modeling
SKILLS,Texture Painting
SKILLS,Unreal Engine 3
SKILLS,UV Mapping
SKILLS,Zbrush
SKILLS,CentOS
SKILLS,Nagios
SKILLS,Ruby
SKILLS,Shell Scripting
SKILLS,Mixed Media
SKILLS,Printmaking
SKILLS,Zend Framework
SKILLS,Licensing
SKILLS,Document Review
SKILLS,Family Law
SKILLS,Personal Injury
SKILLS,Pleadings
SKILLS,HAZWOPER
SKILLS,Audio Engineering
SKILLS,Live Sound
SKILLS,Cosmetic Dentistry
SKILLS,Dental Assisting
SKILLS,Dental Care
SKILLS,Dentrix
SKILLS,Infection Control
SKILLS,Local Anesthesia
SKILLS,Nitrous Oxide
SKILLS,Oral Care
SKILLS,Pediatric Dentistry
SKILLS,Periodontal Disease
SKILLS,Periodontics
SKILLS,Teeth Whitening
SKILLS,Characterization
SKILLS,Immunohistochemistry
SKILLS,Mathematica
SKILLS,Numerical Analysis
SKILLS,Bank Reconciliation
SKILLS,Payroll Taxes
SKILLS,Student Counseling
SKILLS,Structured Finance
SKILLS,Contextual Inquiry
SKILLS,Heuristic Evaluation
SKILLS,Persona
SKILLS,Usability Engineering
SKILLS,User Scenarios
SKILLS,Wire Framing
SKILLS,Fixed Assets
SKILLS,Computer Repair
SKILLS,Group Policy
SKILLS,Denim
SKILLS,Knitwear
SKILLS,Private Label
SKILLS,Target Costing
SKILLS,Textile Industry
SKILLS,Wovens
SKILLS,Equity Valuation
SKILLS,Fashion Design
SKILLS,Fit
SKILLS,Pattern
SKILLS,Sewing
SKILLS,Technical Drawing
SKILLS,Characters
SKILLS,Cinematics
SKILLS,Digital Sculpting
SKILLS,Mudbox
SKILLS,PLC Programming
SKILLS,Robotics
SKILLS,Investment Management
SKILLS,Endocrinology
SKILLS,Gastroenterology
SKILLS,Neurology
SKILLS,Pulmonology
SKILLS,Rheumatology
SKILLS,Urology
SKILLS,Theory
SKILLS,Trademarks
SKILLS,CNC
SKILLS,Lathe
SKILLS,Machine Tools
SKILLS,Machining
SKILLS,P&L Management
SKILLS,Digital Printing
SKILLS,Multi-channel Marketing
SKILLS,Offset Printing
SKILLS,Completions
SKILLS,Healthcare Consulting
SKILLS,Medical Billing
SKILLS,Revenue Cycle
SKILLS,Agile
SKILLS,Visual Communication
SKILLS,Ambulatory Care
SKILLS,Disease Management
SKILLS,Hospital Pharmacy
SKILLS,DFT
SKILLS,JMP
SKILLS,Test Engineering
SKILLS,DNA Extraction
SKILLS,ELISA
SKILLS,Windows XP
SKILLS,High Performance Computing
SKILLS,MPI
SKILLS,Parallel Computing
SKILLS,Parallel Programming
SKILLS,DHCP
SKILLS,IIS
SKILLS,Baking
SKILLS,Venture Capital
SKILLS,Reputation Management
SKILLS,GPS
SKILLS,Surveying
SKILLS,Topographic Surveys
SKILLS,Drums
SKILLS,Music Production
SKILLS,Percussion
SKILLS,Recording
SKILLS,Rock
SKILLS,Studio Recording
SKILLS,D&O
SKILLS,Excess
SKILLS,Navisworks
SKILLS,PDMS
SKILLS,Ankle
SKILLS,Diabetic Foot Care
SKILLS,Foot
SKILLS,Orthotics
SKILLS,Podiatry
SKILLS,Wound Care
SKILLS,Encryption
SKILLS,Malware Analysis
SKILLS,Network Forensics
SKILLS,PKI
SKILLS,Acquisitions
SKILLS,Real Estate Economics
SKILLS,Political Science
SKILLS,Office Management
SKILLS,Spreadsheets
SKILLS,IND
SKILLS,Dissolution
SKILLS,FTIR
SKILLS,Titration
SKILLS,TLC
SKILLS,Rapid Prototyping
SKILLS,Extrusion
SKILLS,Molding
SKILLS,Plastics
SKILLS,Lifeguarding
SKILLS,Swimming
SKILLS,Camera
SKILLS,Design Patterns
SKILLS,Call Center
SKILLS,Aseptic Processing
SKILLS,Aseptic Technique
SKILLS,Materials Science
SKILLS,Concept Generation
SKILLS,Company Secretarial Work
SKILLS,Public Sector
SKILLS,Restructuring
SKILLS,Board Certified
SKILLS,Cancer
SKILLS,Medical Research
SKILLS,Operations Research
SKILLS,Optimization
SKILLS,VMware Infrastructure
SKILLS,Managed Services
SKILLS,Storage Area Networks
SKILLS,Unified Communications
SKILLS,Solaris
SKILLS,Mathematics
SKILLS,Adobe Acrobat
SKILLS,FrameMaker
SKILLS,Manuals
SKILLS,Online Help
SKILLS,RoboHelp
SKILLS,Technical Communication
SKILLS,Technical Documentation
SKILLS,Technical Writing
SKILLS,Operational Risk Management
SKILLS,Fleet Management
SKILLS,Transportation Management
SKILLS,DirectX
SKILLS,Lua
SKILLS,OpenGL
SKILLS,Critical Thinking
SKILLS,FPSO
SKILLS,PDS
SKILLS,Plant Design
SKILLS,Industrial Engineering
SKILLS,Gas Turbines
SKILLS,Steam
SKILLS,Steam Turbines
SKILLS,Turbines
SKILLS,Research Design
SKILLS,Integration Testing
SKILLS,Test Execution
SKILLS,Certified Mortgage Planning
SKILLS,FHA
SKILLS,FHA Financing
SKILLS,Government Loans
SKILLS,Mortgage Banking
SKILLS,Real Estate Financing
SKILLS,Refinance
SKILLS,Residential Mortgages
SKILLS,Reverse Mortgages
SKILLS,USDA
SKILLS,VA Loans
SKILLS,Building Automation
SKILLS,Building Management Systems
SKILLS,HVAC Controls
SKILLS,OB/GYN
SKILLS,Energy Efficiency
SKILLS,Fund Accounting
SKILLS,Fund Administration
SKILLS,Innovation Management
SKILLS,Business Objects
SKILLS,Data Governance
SKILLS,DB2
SKILLS,Erwin
SKILLS,Big Data
SKILLS,Air Quality
SKILLS,Environmental Permitting
SKILLS,Hazardous Waste Management
SKILLS,Stormwater Management
SKILLS,Wastewater Treatment
SKILLS,Water Resources
SKILLS,Applied Behavior Analysis
SKILLS,Behavior Modification
SKILLS,Child Development
SKILLS,RTI
SKILLS,Decoration
SKILLS,Floral Design
SKILLS,Flowers
SKILLS,Parties
SKILLS,Wedding Planning
SKILLS,Weddings
SKILLS,Anesthesia
SKILLS,Animal Behavior
SKILLS,Animal Husbandry
SKILLS,Animal Nutrition
SKILLS,Animal Welfare
SKILLS,Animal Work
SKILLS,Client Education
SKILLS,Dogs
SKILLS,Pets
SKILLS,Soft Tissue Surgery
SKILLS,Veterinary
SKILLS,Veterinary Medicine
SKILLS,Veterinary Public Health
SKILLS,Field Work
SKILLS,Geochemistry
SKILLS,Geological Mapping
SKILLS,Geology
SKILLS,Geophysics
SKILLS,Gold
SKILLS,Hydrogeology
SKILLS,Logging
SKILLS,Mineral Exploration
SKILLS,Minerals
SKILLS,Petroleum Geology
SKILLS,Sampling
SKILLS,Sedimentology
SKILLS,Seismology
SKILLS,Sequence Stratigraphy
SKILLS,Stratigraphy
SKILLS,Structural Geology
SKILLS,ICT
SKILLS,Process Management
SKILLS,MEL
SKILLS,Shading
SKILLS,Hair Extensions
SKILLS,Makeovers
SKILLS,Photo Shoots
SKILLS,Community Management
SKILLS,Academic Writing
SKILLS,Applied Linguistics
SKILLS,ESL
SKILLS,Intercultural Communication
SKILLS,Language Teaching
SKILLS,Teaching English as a Second Language
SKILLS,Care Planning
SKILLS,Gerontology
SKILLS,Long-term Care
SKILLS,Medicaid
SKILLS,Japanese
SKILLS,Direct Patient Care
SKILLS,Commercialization
SKILLS,Home Staging
SKILLS,Legislative Relations
SKILLS,College Recruiting
SKILLS,Staffing Services
SKILLS,Temporary Placement
SKILLS,Landlords
SKILLS,Childcare
SKILLS,Contact Lenses
SKILLS,Eyewear
SKILLS,Glaucoma
SKILLS,Ophthalmology
SKILLS,Behavioral Intervention
SKILLS,Functional Behavior Assessments
SKILLS,Parent Education
SKILLS,Digital Photography
SKILLS,Distribution Center Operations
SKILLS,Ambulance
SKILLS,Disaster Response
SKILLS,Emergency Medical
SKILLS,Emergency Services
SKILLS,EMS
SKILLS,Firefighting
SKILLS,Incident Command
SKILLS,NIMS
SKILLS,PALS
SKILLS,Preparedness
SKILLS,Rescue
SKILLS,Career Assessment
SKILLS,Career Development
SKILLS,Job Search Strategies
SKILLS,Aviation
SKILLS,Homeland Security
SKILLS,Public Safety
SKILLS,Aquatic Ecology
SKILLS,Ecology
SKILLS,Endangered Species
SKILLS,Environmental Education
SKILLS,Wetlands
SKILLS,Wildlife
SKILLS,Reliability
SKILLS,Reliability Engineering
SKILLS,Football
SKILLS,Sports Management
SKILLS,Sports Marketing
SKILLS,Event Producing
SKILLS,Relationship Marketing
SKILLS,Trade Shows
SKILLS,Private Banking
SKILLS,Trade Finance
SKILLS,Therapeutic Areas
SKILLS,Fluorescence Microscopy
SKILLS,qPCR
SKILLS,Human Computer Interaction
SKILLS,Mobile Design
SKILLS,Commodities
SKILLS,Casual Games
SKILLS,Game Mechanics
SKILLS,MMO
SKILLS,Monetization
SKILLS,Multiplayer
SKILLS,Social Games
SKILLS,Web Application Security
SKILLS,Air Freight
SKILLS,Airlines
SKILLS,Airports
SKILLS,Flights
SKILLS,Deep Foundations
SKILLS,Retaining Walls
SKILLS,Rock Mechanics
SKILLS,Slope Stability
SKILLS,Tunneling
SKILLS,Tunnels
SKILLS,Business Process Design
SKILLS,Requirements Management
SKILLS,Meeting Planning
SKILLS,Avionics
SKILLS,Electronic Warfare
SKILLS,Navy
SKILLS,Test Equipment
SKILLS,PEO
SKILLS,Cadence Virtuoso
SKILLS,Low-power Design
SKILLS,Spectre
SKILLS,VLSI
SKILLS,Dams
SKILLS,Engineering Geology
SKILLS,Geotechnics
SKILLS,Site Investigation
SKILLS,Soil
SKILLS,Cement
SKILLS,Deepwater
SKILLS,Directional Drilling
SKILLS,Drilling Engineering
SKILLS,Field Development
SKILLS,QHSE
SKILLS,Rig
SKILLS,Well Control
SKILLS,Administration
SKILLS,ASME
SKILLS,Earned Value Management
SKILLS,Space Systems
SKILLS,Spacecraft
SKILLS,Aesthetic Surgery
SKILLS,Aesthetics
SKILLS,Blepharoplasty
SKILLS,Body Contouring
SKILLS,Breast
SKILLS,Breast Augmentation
SKILLS,Facelift
SKILLS,Fillers
SKILLS,Juvederm
SKILLS,Liposuction
SKILLS,Microsurgery
SKILLS,Plastic Surgery
SKILLS,Radiesse
SKILLS,Reconstructive Surgery
SKILLS,Restylane
SKILLS,Rhinoplasty
SKILLS,Tummy Tuck
SKILLS,Customer Relations
SKILLS,Patent Litigation
SKILLS,Patent Prosecution
SKILLS,Patent Searching
SKILLS,Patentability
SKILLS,Patents
SKILLS,Prosecution
SKILLS,3PL
SKILLS,Housekeeping
SKILLS,Employment Practices Liability
SKILLS,Hatha Yoga
SKILLS,Holistic Health
SKILLS,Meditation
SKILLS,Reiki
SKILLS,Wellbeing
SKILLS,Yoga
SKILLS,Food Manufacturing
SKILLS,Food Processing
SKILLS,Food Science
SKILLS,Beer
SKILLS,Cocktails
SKILLS,Draping
SKILLS,Fashion Illustration
SKILLS,Mood Boards
SKILLS,Tech Packs
SKILLS,Outdoor Advertising
SKILLS,Sales Presentations
SKILLS,Architectural Lighting
SKILLS,Dialux
SKILLS,Lighting Control
SKILLS,Lighting Design
SKILLS,Stage
SKILLS,Stage Lighting
SKILLS,Stage Management
SKILLS,Theatre
SKILLS,SSRS
SKILLS,Master Planning
SKILLS,Textile Design
SKILLS,Compensation & Benefit
SKILLS,Investor Relations
SKILLS,Business Alliances
SKILLS,Completion
SKILLS,Stimulation
SKILLS,GoSystems
SKILLS,ProSystem FX Tax
SKILLS,ASA
SKILLS,Checkpoint
SKILLS,Cisco Routers
SKILLS,Acupuncture
SKILLS,Chiropractic
SKILLS,Graston Technique
SKILLS,Headaches
SKILLS,Low Back Pain
SKILLS,Neck Pain
SKILLS,Sciatica
SKILLS,Aromatherapy
SKILLS,Bodywork
SKILLS,Chair Massage
SKILLS,Chronic Pain
SKILLS,Deep Tissue Massage
SKILLS,Healing
SKILLS,Neuromuscular Therapy
SKILLS,Reflexology
SKILLS,Relaxation
SKILLS,Stretching
SKILLS,Swedish
SKILLS,Therapeutic Massage
SKILLS,Revenue Management
SKILLS,Arts Administration
SKILLS,Symphony
SKILLS,Violin
SKILLS,Business Travel
SKILLS,Leisure Travel
SKILLS,Travel Management
SKILLS,Travel Planning
SKILLS,Natural Gas
SKILLS,Wireline
SKILLS,Alternative Energy
SKILLS,Biopharmaceuticals
SKILLS,Copyright Law
SKILLS,Cross-border Transactions
SKILLS,Background Checks
SKILLS,Crime Prevention
SKILLS,Criminal Justice
SKILLS,Evidence
SKILLS,Fraud
SKILLS,Interrogation
SKILLS,Cruises
SKILLS,Online Travel
SKILLS,Sabre
SKILLS,Oil Painting
SKILLS,Bass
SKILLS,Guitar
SKILLS,Pro Tools
SKILLS,Game Balance
SKILLS,Scripting
SKILLS,Wii
SKILLS,Breast Cancer
SKILLS,Cancer Research
SKILLS,Vray
SKILLS,Transfer Pricing
SKILLS,Ballet
SKILLS,Choreography
SKILLS,Contemporary Dance
SKILLS,Dance
SKILLS,Dance Education
SKILLS,Jazz Dance
SKILLS,Ergonomics
SKILLS,Sportswear
SKILLS,Media Production
SKILLS,Food Pairing
SKILLS,Wine Knowledge
SKILLS,Wine Tasting
SKILLS,Instructor-led Training
SKILLS,Digital Painting
SKILLS,Mac
SKILLS,Computational Physics
SKILLS,Experimentation
SKILLS,Optics
SKILLS,Bank Secrecy Act
SKILLS,Keyshot
SKILLS,Outplacement
SKILLS,Heat Exchangers
SKILLS,Grief Counseling
SKILLS,Palliative Care
SKILLS,Grants
SKILLS,iLife
SKILLS,iWork
SKILLS,OS X
SKILLS,Privacy Law
SKILLS,Carpentry
SKILLS,Credit Cards
SKILLS,Angel Investing
SKILLS,First Responder
SKILLS,Management Development
SKILLS,Proprietary Trading
SKILLS,Academic Tutoring
SKILLS,Orthopedic Rehabilitation
SKILLS,Outpatient Orthopedics
SKILLS,Shoulder
SKILLS,Spine
SKILLS,Consumer Products
SKILLS,Trade Marketing
SKILLS,AED
SKILLS,Athletic Training
SKILLS,Exercise Physiology
SKILLS,Kinesiology
SKILLS,Strength & Conditioning
SKILLS,Strength Training
SKILLS,Health
SKILLS,Market Access
SKILLS,Medical Affairs
SKILLS,Pharmacovigilance
SKILLS,Facial Animation
SKILLS,Pre-visualization
SKILLS,Rigging
SKILLS,Storyboarding
SKILLS,XSI
SKILLS,Essential Oils
SKILLS,Flavors
SKILLS,Formulation
SKILLS,Personal Care
SKILLS,Product Innovation
SKILLS,Raw Materials
SKILLS,Commercial Photography
SKILLS,Event Photography
SKILLS,Fine Art Photography
SKILLS,Image Editing
SKILLS,Image Manipulation
SKILLS,Lightroom
SKILLS,Photojournalism
SKILLS,Photos
SKILLS,Portrait Photography
SKILLS,Portraits
SKILLS,Airbrush
SKILLS,Runway
SKILLS,Spa
SKILLS,VAT
SKILLS,Computer System Validation
SKILLS,Selenium
SKILLS,Console
SKILLS,Vocational Rehabilitation
SKILLS,Audio Editing
SKILLS,Audio Mixing
SKILLS,Audio Post Production
SKILLS,FOH
SKILLS,Logic Pro
SKILLS,Mastering
SKILLS,Professional Audio
SKILLS,Sound Design
SKILLS,Sound Editing
SKILLS,Selling Skills
SKILLS,Scouting
SKILLS,Soccer
SKILLS,Adventure Travel
SKILLS,Hiking
SKILLS,Sustainable Tourism
SKILLS,Tourism Management
SKILLS,Vacation
SKILLS,Convention Services
SKILLS,Houdini
SKILLS,Inventory
SKILLS,Books
SKILLS,Securities
SKILLS,Information Design
SKILLS,Real Property
SKILLS,General Surgery
SKILLS,Casting
SKILLS,Corel Draw
SKILLS,Laser Cutting
SKILLS,Props
SKILLS,Special Effects
SKILLS,ASP.NET MVC
SKILLS,CMMI
SKILLS,Crystal Reports
SKILLS,Entity Framework
SKILLS,Geospatial Data
SKILLS,Informix
SKILLS,Polymer Chemistry
SKILLS,Interim Management
SKILLS,Job Coaching
SKILLS,Job Search
SKILLS,Workshop Facilitation
SKILLS,Applied Mathematics
SKILLS,Linear Algebra
SKILLS,Cinema 4D
SKILLS,Motion Design
SKILLS,Technical Analysis
SKILLS,Temporary Staffing
SKILLS,Claims Resolution
SKILLS,Property Damage
SKILLS,Epic Systems
SKILLS,Pricing Analysis
SKILLS,Camera Operating
SKILLS,Cinematography
SKILLS,Directing
SKILLS,Final Cut Studio
SKILLS,ABR
SKILLS,Townhomes
SKILLS,Biodiversity
SKILLS,Biology
SKILLS,Botany
SKILLS,Conservation Issues
SKILLS,Ecological Restoration
SKILLS,Natural Resource Management
SKILLS,Wildlife Biology
SKILLS,Counseling
SKILLS,Law Enforcement Operations
SKILLS,Patrol
SKILLS,Criminology
SKILLS,Crowns
SKILLS,Dentures
SKILLS,Endodontics
SKILLS,Invisalign
SKILLS,Oral Surgery
SKILLS,Orthodontics
SKILLS,Prosthodontics
SKILLS,Restorative Dentistry
SKILLS,Root Canal
SKILLS,TMJ dysfunction
SKILLS,Veneers
SKILLS,Petrel
SKILLS,Reservoir Engineering
SKILLS,Reservoir Management
SKILLS,Reservoir Simulation
SKILLS,Well Testing
SKILLS,Tennis
SKILLS,Algorithm Design
SKILLS,Natural Language Processing
SKILLS,SnagIt
SKILLS,Acrylic
SKILLS,Watercolor
SKILLS,Personal Shopping
SKILLS,Wardrobe
SKILLS,Electronics Repair
SKILLS,Soldering
SKILLS,Air Force
SKILLS,Aircraft Systems
SKILLS,Airworthiness
SKILLS,Helicopters
SKILLS,Overhaul
SKILLS,Final Draft
SKILLS,Screenwriting
SKILLS,Script Coverage
SKILLS,Short Films
SKILLS,Sound Reinforcement
SKILLS,American Sign Language
SKILLS,Braces
SKILLS,Invisible Braces
SKILLS,Orthognathic Surgery
SKILLS,Practice Management
SKILLS,Sleep Apnea
SKILLS,Income Protection
SKILLS,Superannuation
SKILLS,Wealth
SKILLS,AP Style
SKILLS,Breaking News
SKILLS,Feature Articles
SKILLS,News Writing
SKILLS,Newspapers
SKILLS,Online Journalism
SKILLS,Reality
SKILLS,Inversion
SKILLS,Petrophysics
SKILLS,Seismic Imaging
SKILLS,Dynamics
SKILLS,Realflow
SKILLS,Technical Direction
SKILLS,VFX Supervision
SKILLS,LinkedIn
SKILLS,Social Media Measurement
SKILLS,Charter
SKILLS,Civil Aviation
SKILLS,Commercial Aviation
SKILLS,Crew Resource Management
SKILLS,Flight Planning
SKILLS,Flight Safety
SKILLS,Flight Test
SKILLS,Flight Training
SKILLS,Human Factors
SKILLS,Piloting
SKILLS,Type Rating
SKILLS,Visual Basic
SKILLS,Broadcast Journalism
SKILLS,Corporate Actions
SKILLS,Fund of Funds
SKILLS,Avid Media Composer
SKILLS,Drama
SKILLS,Voice Acting
SKILLS,Voice Over
SKILLS,Biblical Studies
SKILLS,Church Events
SKILLS,Discipleship
SKILLS,Evangelism
SKILLS,Gospel
SKILLS,Missions
SKILLS,Pastoral
SKILLS,Pastoral Care
SKILLS,Pastoral Counseling
SKILLS,Preaching
SKILLS,Religion
SKILLS,Spiritual Direction
SKILLS,Theology
SKILLS,Youth Ministry
SKILLS,Design-Build
SKILLS,Green Building
SKILLS,LEED
SKILLS,Training Delivery
SKILLS,BSS
SKILLS,Core Network
SKILLS,Franchising
SKILLS,Telephony
SKILLS,Shopper Marketing
SKILLS,Signal Integrity
SKILLS,Animal Models
SKILLS,Pathology
SKILLS,Toxicology
SKILLS,Mortgage Underwriting
SKILLS,NEPA
SKILLS,Phase I
SKILLS,Comedy
SKILLS,Cyberlaw
SKILLS,Quality Improvement
SKILLS,Assortment
SKILLS,Fashion Buying
SKILLS,Merchandise Planning
SKILLS,Retail Buying
SKILLS,Community Consultation
SKILLS,Environmental Planning
SKILLS,Local Government
SKILLS,Placemaking
SKILLS,Redevelopment
SKILLS,OLAP
SKILLS,Client Counseling
SKILLS,Invention
SKILLS,Trade Secrets
SKILLS,Trademark Infringement
SKILLS,Game Art
SKILLS,Asset Based Lending
SKILLS,Commercial Mortgages
SKILLS,Character Rigging
SKILLS,Respiratory Therapy
SKILLS,Conflict Resolution
SKILLS,Distance Learning
SKILLS,Broadband
SKILLS,Business Excellence
SKILLS,FTTx
SKILLS,Optical Fiber
SKILLS,Ground Improvement
SKILLS,Slope Stability Analysis
SKILLS,Electric Power
