Label,Skill
SKILL,1CadCam Unigraphics
SKILL,3D graphics software
SKILL,3DGrid HIPAA Checkup
SKILL,3M Electronic Monitoring
SKILL,3M Post-it App
SKILL,3PL Central
SKILL,4n6xprt Systems StiffCalcs
SKILL,A programming language APL
SKILL,A-Systems JobView
SKILL,AABACH Graphic Systems DIGRA
SKILL,ABB CPM4Metals
SKILL,ABC programming language
SKILL,ABOL Manifest Systems
SKILL,ACD Systems Canvas
SKILL,ACI Appraiser's Choice
SKILL,ACI TaskTracker
SKILL,ACL Analytics
SKILL,ACL Audit Exchange
SKILL,ACS Technologies HeadMaster
SKILL,ACT WorkKeys
SKILL,ACT! ACT4Advisors
SKILL,ACT! Premium
SKILL,AD OPT Altitude
SKILL,ADInstruments LabChart
SKILL,ADP Drive DMS for Accounting
SKILL,ADP Enterprise HRMS
SKILL,ADP Enterprise eTIME
SKILL,ADP Pay eXpert
SKILL,ADP Super Report Writer
SKILL,ADP Workforce Now
SKILL,ADP eTIME
SKILL,ADP ezLaborManager
SKILL,ADP software
SKILL,ADP/Vantra VOLTS
SKILL,ADS Advantage
SKILL,AEC Design Group CADPIPE
SKILL,AERONET calculator
SKILL,AFEXDirect
SKILL,AIG OASIS
SKILL,AJAX
SKILL,ALK Technologies FleetSuite
SKILL,ALK Technologies PC*Miler
SKILL,AMS Services AMS Sagitta
SKILL,ANSYS Mechanical
SKILL,ANSYS Multiphysics
SKILL,API Healthcare ActiveStaffer
SKILL,API Navigator
SKILL,APPCA Personal Chef Office
SKILL,ARCOM Masterspec
SKILL,ARSoftware WinSMAC
SKILL,AS/400 Database
SKILL,ASI FrontDesk
SKILL,ASR Software TopView LE
SKILL,ATD protocol
SKILL,ATX Total Tax Office
SKILL,Ab Initio
SKILL,AbacusNext HotDocs
SKILL,AbbottSoft QuickFix
SKILL,Acarda CallAssist
SKILL,Acarda ForbiddenCalls
SKILL,Accela KIVA DMS
SKILL,Accela PERMITS Plus
SKILL,Accela Tidemark Advantage
SKILL,Accellos Real Dispatch
SKILL,Accelrys Insight II
SKILL,Access Software AIRPAX
SKILL,Access management software
SKILL,Access software
SKILL,Account management software
SKILL,Accounting software
SKILL,Accounts receivable software
SKILL,Accuity EPICWare
SKILL,Accvision ABMIS
SKILL,AceTools.biz Ace Translator
SKILL,AcmeStudio
SKILL,Acronis Recovery Expert
SKILL,Action games
SKILL,ActionWare
SKILL,Active Data Online WebChat
SKILL,Active Network EventRegister
SKILL,Active directory software
SKILL,Actuate BIRT
SKILL,Actuate DocBook
SKILL,AcuStaf
SKILL,AcuityPro
SKILL,AdRelevance
SKILL,AdSense Tracker
SKILL,Ada
SKILL,Adapt It
SKILL,Address Management System AMS
SKILL,Addressing software
SKILL,Aderant CompuLaw
SKILL,Administration software
SKILL,Adobe Systems Adobe Acrobat
SKILL,Adobe Systems Adobe Audition
SKILL,Adobe Systems Adobe Captivate
SKILL,Adobe Systems Adobe Connect
SKILL,Adobe Systems Adobe Director
SKILL,Adobe Systems Adobe Distiller
SKILL,Adobe Systems Adobe Fireworks
SKILL,Adobe Systems Adobe Flash
SKILL,Adobe Systems Adobe FreeHand
SKILL,Adobe Systems Adobe InCopy
SKILL,Adobe Systems Adobe InDesign
SKILL,Adobe Systems Adobe PageMaker
SKILL,Adobe Systems Adobe Photoshop
SKILL,Adobe Systems Adobe Presenter
SKILL,Adobe Systems Adobe Reader
SKILL,Adobe Systems Adobe RoboHelp
SKILL,Adobe Systems Adobe Writer
SKILL,Adobe Systems AdobeMlashMX
SKILL,Adxstudio for Microsoft
SKILL,AeroPlanner
SKILL,Aeronautical charts
SKILL,Aestiva Employee Time Clock
SKILL,Aestiva Purchase Order
SKILL,AetherPalm InfusiCalc
SKILL,AgData Blue Skies Accounting
SKILL,Agilent ChemStation
SKILL,AirSmith FlightPrompt
SKILL,Airdata
SKILL,Airtable
SKILL,Alert Technologies OpsCenter
SKILL,Alerton Ascent Compass
SKILL,Aljex Inventory
SKILL,Allegro Landmark
SKILL,Allen Bradley PanelView
SKILL,Allscripts Professional EHR
SKILL,Allscripts Professional PM
SKILL,AlphaDent
SKILL,Amadeus Altea Reservation
SKILL,Amazon DynamoDB
SKILL,Amazon Redshift
SKILL,Amcom AUTOS2000
SKILL,Amtec Engineering Tecplot
SKILL,Anand Systems ASI FrontDesk
SKILL,Angoss KnowledgeSEEKER
SKILL,Animal Shelter Manager
SKILL,Ansible software
SKILL,Ansoft Simplorer
SKILL,Ansys Fluent
SKILL,Antenna House
SKILL,Anthropometric databases
SKILL,Apache Ant
SKILL,Apache Cassandra
SKILL,Apache Groovy
SKILL,Apache HTTP Server
SKILL,Apache Hadoop
SKILL,Apache Hive
SKILL,Apache Jmeter
SKILL,Apache Kafka
SKILL,Apache Mahout
SKILL,Apache Maven
SKILL,Apache Pig
SKILL,Apache Solr
SKILL,Apache Spark
SKILL,Apache Struts
SKILL,Apache Subversion SVN
SKILL,Apache Tomcat
SKILL,Apian SurveyPro
SKILL,Apollo Reservation System
SKILL,Apple AppleWorks
SKILL,Apple DVD Studio Pro
SKILL,Apple Final Cut Express
SKILL,Apple Final Cut Pro
SKILL,Apple Final Cut Pro X
SKILL,Apple GarageBand
SKILL,Apple Keynote
SKILL,Apple Logic Pro
SKILL,Apple Numbers for Mac
SKILL,Apple Pages
SKILL,Apple Pages for Mac
SKILL,Apple QuickTime
SKILL,Apple Safari
SKILL,Apple Xsan
SKILL,Apple iMovie
SKILL,Apple iWork
SKILL,Apple iWork Keynote
SKILL,Apple iWork Numbers
SKILL,Apple iWork Pages
SKILL,Apple macOS
SKILL,Appletree
SKILL,AppliCad Roof Wizard
SKILL,Application server software
SKILL,Applied Production ProFab
SKILL,Applied Production ProFold
SKILL,Applied Systems Vision
SKILL,Appointment Search
SKILL,Aptean Made2Manage
SKILL,AquaSoft Farm Manager
SKILL,ArbelSoft TailorMax
SKILL,Arbor Image Draftsman
SKILL,Arc Second PocketCAD
SKILL,Archival databases
SKILL,ArchiveGrid
SKILL,Archivists' Toolkit
SKILL,ArduPilot Mission Planner
SKILL,ArenaSoft Estimating
SKILL,Ariba Spend Management Suite
SKILL,Arkitektia Flight Itinerary
SKILL,Armchair Machinist software
SKILL,ArtScope.net eArtist
SKILL,ArticSoft FileAssurity
SKILL,Artsystems Collections
SKILL,Ascend Property Assessment
SKILL,Assessment software
SKILL,Asset management software
SKILL,Assisi Software Compiler
SKILL,Assisi Software Forest
SKILL,Astute Solutions PowerCenter
SKILL,AtStaff Physician Scheduler
SKILL,Atlassian Bamboo
SKILL,Atlassian Confluence
SKILL,Atlassian HipChat
SKILL,Atlassian JIRA
SKILL,Atoll GeoCAD
SKILL,Attendance tracking software
SKILL,Auburn Software Debit Square
SKILL,Audacity
SKILL,Audio calibration software
SKILL,Audio editing software
SKILL,AudioScribe SpeechCAT
SKILL,Audion Laboratories VoxPro
SKILL,August Systems Visit Wizard
SKILL,Aurora FoodPro
SKILL,Austin Logistics CallSelect
SKILL,AutoCrit Editing Wizard
SKILL,AutoDesSys form Z
SKILL,AutoZone ALLDATA
SKILL,Autodesk 3D Studio Design
SKILL,Autodesk 3ds Max
SKILL,Autodesk 3ds Max Design
SKILL,Autodesk AutoCAD
SKILL,Autodesk AutoCAD Civil 3D
SKILL,Autodesk AutoCAD LT
SKILL,Autodesk Ecotect Analysis
SKILL,Autodesk Fusion 360
SKILL,Autodesk Land Desktop
SKILL,Autodesk Maya
SKILL,Autodesk Mudbox
SKILL,Autodesk PartMaker
SKILL,Autodesk Revit
SKILL,Autodesk Softdesk
SKILL,Autodesk World
SKILL,Automated financial software
SKILL,Automated inventory software
SKILL,Automated systems software
SKILL,Automated tax system software
SKILL,Automatic routing software
SKILL,Avenista Table Reservations
SKILL,Avid Audio Pro Tools
SKILL,Avid Digidesign Pro Tools
SKILL,Avid Media Composer
SKILL,Avid Pro Tools
SKILL,Avid Technology
SKILL,Avid Technology Pro Tools
SKILL,Avid Technology Sibelius
SKILL,Avid Technology iNEWS
SKILL,Avidian Technologies Prophet
SKILL,Avis Fits Viewer
SKILL,Axios Systems assyst
SKILL,Aya Associates Comp-U-Floor
SKILL,BCL Landview Systems WinCrop
SKILL,BD Biosciences CellQuest
SKILL,BIT Corp ProMACS PLC
SKILL,BMC Software Control-M
SKILL,BOSS Didger
SKILL,BQE Software ArchiOffice
SKILL,BQE Software BillQuick
SKILL,BSI ComplianceFactory
SKILL,Backbone.js
SKILL,Backup and archival software
SKILL,Backup or archival software
SKILL,Bar coding software
SKILL,Barcode labeling software
SKILL,Barcode reader software
SKILL,Barcode software
SKILL,Bare Bones Software BBEdit
SKILL,Barrington Software CookenPro
SKILL,Basecamp
SKILL,Bash
SKILL,Basis BBx VisualPRO/5
SKILL,BeamChek
SKILL,Bed Management Suite
SKILL,BehavePlus
SKILL,Ben Meadows Yeoman Expedition
SKILL,Benetech PRA
SKILL,Bentley GeoPak Bridge
SKILL,Bentley MicroStation
SKILL,Bentley ProjectWise
SKILL,Bentley Systems AutoPIPE
SKILL,Bentley Systems InRoads Suite
SKILL,Bentley Systems ProjectWise
SKILL,Bill of lading software
SKILL,Bill of materials software
SKILL,Bill review software
SKILL,Billing software
SKILL,BioDiscovery ImaGene
SKILL,BioEx Systems Exercise Expert
SKILL,BioEx Systems Exercise Pro
SKILL,BioEx Systems Fitness Maker
SKILL,Biofeedback software
SKILL,Biometric reader software
SKILL,Bizmatics PrognoCIS EMR
SKILL,Blackbaud CRM
SKILL,Blackbaud The Raiser's Edge
SKILL,Blackbaud eTapestry
SKILL,Blackboard Collaborate
SKILL,Blackboard Learn
SKILL,Blackboard Wimba
SKILL,Blackboard software
SKILL,Blender
SKILL,Blink
SKILL,Blinkbid
SKILL,Block diagram software
SKILL,Blogging software
SKILL,Bloomberg Professional
SKILL,Bloomz
SKILL,Blueprint display software
SKILL,Blumenthal Software PBSW24
SKILL,Boeing SoftPlotter
SKILL,Bookitlive
SKILL,Bookkeeping software
SKILL,Border Gateway Protocol BGP
SKILL,Bosch Punch List
SKILL,Boundary survey software
SKILL,Bowen & Groves M1 ERP
SKILL,Bradford ClickFORMS
SKILL,Brady Lockout Pro
SKILL,BrainTrain Captain's Log
SKILL,BrainTrain IVA+Plus
SKILL,BrainTrain SmartDriver
SKILL,Brainworks
SKILL,Breedtrak
SKILL,Bridge software
SKILL,Brightcove
SKILL,BroadSoft BroadWorks
SKILL,Brokerage software
SKILL,Bruker AXS LEPTOS
SKILL,Bruker BioSpin TopSpin
SKILL,Budget monitoring systems
SKILL,Budgeting software
SKILL,Bugzilla
SKILL,Building automation software
SKILL,Business analysis software
SKILL,Business management software
SKILL,C
SKILL,C#
SKILL,C++
SKILL,CA Erwin Data Modeler
SKILL,CA eTrust
SKILL,CADAFIS
SKILL,CAPSHER Technology SureTec
SKILL,CBORD Foodservice Suite
SKILL,CBORD Nutrition Service Suite
SKILL,CCH ProSystem fx TAX
SKILL,CD-adapco STAR-CAD
SKILL,CDI Electronics M.E.D.S.
SKILL,CGI-AMS BureauLink Enterprise
SKILL,CGI-AMS Strata
SKILL,CMA Stuffers
SKILL,CNC Mastercam
SKILL,COADE CAESAR II
SKILL,CODA Engine Analysis System
SKILL,COMCON DataFriend
SKILL,COMSOL Multiphysics
SKILL,CPR Visual Estimator
SKILL,CPSI EHR System
SKILL,CSC Colossus
SKILL,CSI WSE CodeBuddy
SKILL,CT Summation iBlaze
SKILL,Cabinet NG CNG-SAFE
SKILL,Cadcorp desktop GIS
SKILL,Cadence PSpice
SKILL,Calendar software
SKILL,Caliban Mindwear HyperGASP
SKILL,Calibration software
SKILL,Caliper Maptitude
SKILL,Call center software
SKILL,Call tracking software
SKILL,Camera Bits Photo Mechanic
SKILL,Campaign Monitor
SKILL,Cantovation Sing & See
SKILL,Canyon Solutions Jcats
SKILL,Capacity planning software
SKILL,Capital Codeworks MenuMax
SKILL,Card key management software
SKILL,Career Dimensions Focus 2
SKILL,Career management systems CMS
SKILL,Carlson SurvCADD
SKILL,Cartography software
SKILL,Casamba Smart
SKILL,Cascading style sheets CSS
SKILL,Case management software
SKILL,CaseBank SpotLight
SKILL,CaseSoft TimeMap
SKILL,Cataloging software
SKILL,CaterPro
SKILL,Cattlesoft CattleMax
SKILL,Ceridian
SKILL,CfMC COSI
SKILL,CfMC SoundSurvent
SKILL,Chart Links
SKILL,Charting software
SKILL,Chat software
SKILL,Check imaging software
SKILL,Check processing software
SKILL,Chef
SKILL,ChemSW Molecular Modeling Pro
SKILL,ChemStat
SKILL,Chempute Software ChemDraw
SKILL,Chempute Software EstPro
SKILL,ChiroSoft
SKILL,Choice Job Cost
SKILL,Choreography software
SKILL,Circuit evaluation software
SKILL,Cisco AnyConnect
SKILL,Cisco IOS
SKILL,Cisco Systems CiscoWorks
SKILL,Cisco Systems IOS
SKILL,Cisco Systems VPN Client
SKILL,Cisco Systems WAN Manager
SKILL,Cisco Systems Webex
SKILL,Cision CisionPoint
SKILL,Citilabs TRANPLAN
SKILL,Citrix
SKILL,Citrix software
SKILL,Claritas ConsumerPoint
SKILL,Clark Labs CartaLinx
SKILL,Clark Labs IDRISI
SKILL,ClassApps SelectSurveyASP
SKILL,ClassDojo
SKILL,Classification Web
SKILL,Classtag
SKILL,Clear Books
SKILL,Client assessment software
SKILL,Client databases
SKILL,Client information databases
SKILL,Client records software
SKILL,Clinicient Insight
SKILL,Clockware
SKILL,CloudWorks
SKILL,Clover Technology GALENA
SKILL,Cluster server software
SKILL,Clustering software
SKILL,Clustermatic
SKILL,CoPilot Flight Planning & E6B
SKILL,Code Line Art Files
SKILL,Code database software
SKILL,CodeJam MemoriesOnTV
SKILL,CoffeeCup The HTML Editor
SKILL,Colibripms Software Colibri
SKILL,CollegeNET Schedule 25
SKILL,Color management software
SKILL,ColorSoft AutoMatch
SKILL,Columbia Ultimate Remit
SKILL,ComBase
SKILL,Command Alkon COMMANDconcrete
SKILL,Command Systems ComServe
SKILL,Command interpreters
SKILL,Common Curriculum
SKILL,Commutator profiling software
SKILL,Compliance software
SKILL,Compliance testing software
SKILL,ComplianceMAX
SKILL,Compu-Cal Nutrition Assistant
SKILL,CompuLaw Vision
SKILL,Compugov DocketView
SKILL,Computer diagnostic software
SKILL,Computer drawing software
SKILL,Computer estimation software
SKILL,Computer forensic software
SKILL,Computer graphics software
SKILL,Computer imaging software
SKILL,Computer modeling software
SKILL,Computer reading software
SKILL,Computer records systems
SKILL,ComputerEase
SKILL,Computerized call calendars
SKILL,Computerized testing programs
SKILL,Computerized testing software
SKILL,Compuware dynaTrace
SKILL,ConEst Electrical Formulas
SKILL,ConEst Permit Trac
SKILL,ConEst SureCount
SKILL,ConEst T&M Billing Manager
SKILL,ConceptDraw
SKILL,Confluence
SKILL,Connectivity software
SKILL,Constant Contact
SKILL,Construction Master Pro
SKILL,Contact center software
SKILL,Contact management software
SKILL,Contact management systems
SKILL,Content filter software
SKILL,Content workflow software
SKILL,ContextMiner
SKILL,Contract Central
SKILL,Contract management software
SKILL,Convex FactLogic
SKILL,Cooking e-books
SKILL,CoreLogic DebtorTrace
SKILL,Corel CorelScan
SKILL,Corel OCR-Trace 8
SKILL,Corel Office
SKILL,Corel Office Suite
SKILL,Corel Paint Shop Pro
SKILL,Corel Painter
SKILL,Corel Paradox
SKILL,Corel Presentation
SKILL,Corel QuattroPro
SKILL,Corel Ulead DVD Workshop
SKILL,Corel WebDraw
SKILL,Corel WinZip
SKILL,Corel WordPerfect
SKILL,Corel WordPerfect Office
SKILL,Corporate Montage CADScript
SKILL,Corporate Systems ClaimsPro
SKILL,Corrections housing software
SKILL,Cosmo Software Cosmo World
SKILL,Cost accounting software
SKILL,Cost estimating software
SKILL,Cost estimation software
SKILL,Cost tracking software
SKILL,CostGuard
SKILL,Counseling software
SKILL,Countryside Data Ag Payroll
SKILL,Court records databases
SKILL,Courtpages
SKILL,Courtroom scheduling software
SKILL,Cradoc fotoBiz
SKILL,Craftsman CD Estimator
SKILL,Credit management software
SKILL,Credo Interactive DanceForms
SKILL,Crick Software Clicker 4
SKILL,Crime mapping software
SKILL,CroPMan
SKILL,Cummins Insite
SKILL,Customer database software
SKILL,CyberArk
SKILL,CyberMatrix POS
SKILL,CyberSoft NutriBase
SKILL,Cybermetrics GAGETrak
SKILL,Cyclone
SKILL,Cygnus Software IncomeMax
SKILL,Cytel Software XLMiner
SKILL,DAGRIS
SKILL,DATAN Merlin Fastab
SKILL,DCI iCore
SKILL,DFA Capital Management GEMS
SKILL,DIVA-GIS
SKILL,DM2 Bills of Lading
SKILL,DOC Cop
SKILL,DaVinci Resolve
SKILL,Daily Manager
SKILL,Damen DAMOS
SKILL,Dartfish
SKILL,Dartware InterMapper
SKILL,Dassault Systemes CATIA
SKILL,Dassault Systemes SolidWorks
SKILL,DatInf DigiMakeup
SKILL,Data Technologies Summit
SKILL,Data Trace Title IQ
SKILL,Data acquisition software
SKILL,Data analysis software
SKILL,Data base reporting software
SKILL,Data compression software
SKILL,Data conversion software
SKILL,Data entry software
SKILL,Data extraction software
SKILL,Data input software
SKILL,Data logger software
SKILL,Data logging software
SKILL,Data management software
SKILL,Data mining software
SKILL,Data modeling software
SKILL,Data transfer software
SKILL,Data validation software
SKILL,Data visualization software
SKILL,Data warehouse software
SKILL,Data warehousing software
SKILL,DataSwell
SKILL,Database management software
SKILL,Database management systems
SKILL,Database reporting software
SKILL,Database security software
SKILL,Database software
SKILL,Database testing software
SKILL,Databox
SKILL,Datanex ClaimTrac
SKILL,Datatech The Farmer's Office
SKILL,Datatel Colleague
SKILL,Datavis DBS Designer
SKILL,Datawatch Monarch
SKILL,DatcoMedia EBis
SKILL,DaySmart Software 123Pet
SKILL,DaySmart Software Salon Iris
SKILL,Daystar iStructural.com
SKILL,Dazzlersoft DazzlerMax
SKILL,DeLorme Topo USA
SKILL,DealerTrax ShopOrder
SKILL,Debugging software
SKILL,Decision support software
SKILL,Decisioneering Crystal Ball
SKILL,Defect tracking software
SKILL,Delcam PowerMILL
SKILL,Delivery Routing System DRS
SKILL,Delphi Discovery
SKILL,Delphi Technology
SKILL,Delta Data Systems AGIS
SKILL,Deltek Costpoint
SKILL,Dental billing software
SKILL,Dental charting software
SKILL,Depiction Software Deco-Con
SKILL,DesignWare 3D EyeWitness
SKILL,Desire2Learn
SKILL,Desktop Technologies NewsBoss
SKILL,Desktop partitioning software
SKILL,Desktop publishing software
SKILL,Desmos
SKILL,DetNet ViewShot
SKILL,DevWave Estimate Works
SKILL,Diagramming software
SKILL,Diameter
SKILL,Dictation software
SKILL,Dictionary software
SKILL,DietMaster Systems DietMaster
SKILL,DigiTools Roof CAD
SKILL,Digital Coach AthleticTrainer
SKILL,Digital Gateway e-automate
SKILL,Digital contract software
SKILL,Digital databases
SKILL,Digital imaging software
SKILL,Digital mapping software
SKILL,Digitizing software
SKILL,Digivey software
SKILL,Direct Hit Systems THREADS
SKILL,Direct-to-tool software
SKILL,Directory software
SKILL,Disaster recovery software
SKILL,Distance learning software
SKILL,Django
SKILL,DocSite Registry
SKILL,Docker
SKILL,Document management software
SKILL,Document scanning software
SKILL,Domain name system DNS
SKILL,Dowling Associates TRAFFIX
SKILL,Dr. Dispatch
SKILL,Drawing and drafting software
SKILL,Drawing software
SKILL,Drillingsoftware DrillPro
SKILL,Driving simulators
SKILL,Drug compatibility software
SKILL,Drug guide software
SKILL,Drupal
SKILL,Duxbury Braille Translator
SKILL,Dynamic Energy Systems MedAct
SKILL,Dynamic Graphics EarthVision
SKILL,E-Verify
SKILL,EDImis Anesthesia Manager
SKILL,EFI Hagen OA
SKILL,EGS CALCMENU
SKILL,EGS FeatureCAM
SKILL,EMC Documentum
SKILL,EMC NetWorker
SKILL,EMC Symmetrix DMX
SKILL,ERP software
SKILL,ESRI ArcExplorer
SKILL,ESRI ArcGIS software
SKILL,ESRI ArcIMS
SKILL,ESRI ArcInfo
SKILL,ESRI ArcLogistics
SKILL,ESRI ArcPad
SKILL,ESRI ArcView
SKILL,ESRI Personal Geodatabase
SKILL,ESRI Site Scan for ArcGIS
SKILL,ESRI What if?
SKILL,ESRI software
SKILL,ESS Compliance Suite
SKILL,ETAP
SKILL,EZ Forms
SKILL,EZ Pipe
SKILL,EZ-Zone Optizone Enterprise
SKILL,EZAnalyze
SKILL,EZClaim
SKILL,EZappt
SKILL,Eagle Point LANDCADD
SKILL,EarthSoft EQuIS Geology
SKILL,EarthWorks Downhole Explorer
SKILL,Easy Solutions Easy Lab
SKILL,EasyCAD Iris 2D
SKILL,EasyCBM
SKILL,Easypano Tourweaver
SKILL,Eaton Fleet Advisor
SKILL,Eclipse IDE
SKILL,Ecotech WinAQMS
SKILL,Eden Sales Manager
SKILL,EditCNC
SKILL,Editing software
SKILL,Edmodo
SKILL,Edpuzzle
SKILL,Educational software
SKILL,Edulastic
SKILL,Eko
SKILL,Elasticsearch
SKILL,Electronic Time Clock ETC
SKILL,Electronic diary software
SKILL,Electronic dictionaries
SKILL,Electronic filing software
SKILL,Electronic mail software
SKILL,Electrosoft FlashWorks
SKILL,Element management software
SKILL,Elevator Controls INTERACT
SKILL,Elite Software Inpoint
SKILL,Ellucian Degree Works
SKILL,Eloquent Systems Eloquent
SKILL,Email management software
SKILL,Email software
SKILL,Embroidery design software
SKILL,Emerald Data Deed-Chek
SKILL,Emerson FIRSTVUE Value Sizing
SKILL,Emissions tracking software
SKILL,Empirisoft MediaLab
SKILL,Employee scheduling software
SKILL,Emulators
SKILL,En route descent advisor EDA
SKILL,Enablez ResortSuite
SKILL,Encoded archival system EAD
SKILL,Encryption software
SKILL,End of Run Report EOR
SKILL,Endicia Internet Postage
SKILL,Enertia
SKILL,Enfocus PitStop Pro
SKILL,Engine analysis software
SKILL,Engine diagnostic scanners
SKILL,Engine diagnostic software
SKILL,Enterprise JavaBeans
SKILL,EnviroInsite
SKILL,Epic Systems
SKILL,Epicenter Software Epilog
SKILL,Equative TimeLedger
SKILL,Equifax Application Engine
SKILL,Equifax software
SKILL,Esko ArtPro
SKILL,Esri ArcGIS
SKILL,Estimating software
SKILL,Event scheduling software
SKILL,Evernote
SKILL,Evolution Computing EasyCAD
SKILL,Ex Libris Group Aleph
SKILL,Exact MAX
SKILL,Exact Software
SKILL,Exact Software JobBOSS
SKILL,Exele TopView
SKILL,Experian Credinomics
SKILL,Experian Quest
SKILL,Experian Strategy Management
SKILL,Experian Transact SM
SKILL,Experian software
SKILL,Expert system software
SKILL,ExpressDigital Labtricity
SKILL,Ext JS
SKILL,Extranet Machine Tools Suite
SKILL,Eyeglass design software
SKILL,Eyelit Manufacturing
SKILL,FANUC Robotics iRVision
SKILL,FARSITE
SKILL,FIRST Flooring
SKILL,FPA Software MACCS
SKILL,FYI Technologies Dr. View
SKILL,FaceTime
SKILL,Facility use software
SKILL,Factiva
SKILL,Fair Isaac Claims Advisor
SKILL,Fanatic Software Informant
SKILL,Farm Works Software Trac
SKILL,FarmLogic FarmPAD
SKILL,FastEST FastPipe
SKILL,Fastcase
SKILL,Faux Labs Splashup
SKILL,Fax software
SKILL,Fifth Walk BillingTracker
SKILL,FifthWalk BillingTracker Pro
SKILL,Figure 53 QLab
SKILL,File management software
SKILL,File management systems
SKILL,File server software
SKILL,File versioning software
SKILL,FileMaker Bento
SKILL,FileMaker Pro
SKILL,FileNet P8
SKILL,Web3
SKILL,Solidity
SKILL,Blockchain Architecture
SKILL,Filesystem software
SKILL,Filing system software
SKILL,Financial accounting software
SKILL,Financial analysis software
SKILL,Financial compliance software
SKILL,Financial planning software
SKILL,Financial record software
SKILL,Financial reporting software
SKILL,Financial tracking software
SKILL,Fire Dynamics Software FDS
SKILL,Firewall software
SKILL,First Insight MaximEyes
SKILL,Fiserv
SKILL,Fiserv PEP+ reACH
SKILL,FishXing
SKILL,Fishbowl Warehouse
SKILL,FlamMap
SKILL,Flight control software
SKILL,Flight simulation software
SKILL,Flipgrid
SKILL,Flood modeling software
SKILL,FloodMaps
SKILL,Flooring Technologies QFloors
SKILL,Flow chart software
SKILL,Fluke ClearSight Analyzer
SKILL,FlukeView Forms
SKILL,Focus Floor Covering Software
SKILL,Fog Line Software Truckn Pro
SKILL,Food Service Solutions FoodCo
SKILL,Food inventory software
SKILL,Food safety labeling systems
SKILL,Foodman Home-Delivery
SKILL,ForTheRecord TheRecord Player
SKILL,Foreign language software
SKILL,Forest EcoSurvey
SKILL,Forest Metrix
SKILL,Forest vegetation simulators
SKILL,Forest yield software
SKILL,Fountains Forestry TwoDog
SKILL,FranklinCovey TabletPlanner
SKILL,Fred's Tip Cartridge Picker
SKILL,Freddie Mac Loan Prospector
SKILL,FreightDATA
SKILL,Front Desk
SKILL,Ftree
SKILL,Functional testing software
SKILL,Fund accounting software
SKILL,FuneralKiosk
SKILL,FuzeBox
SKILL,G-code
SKILL,GAC International OrthoPlex
SKILL,GAEA Technologies Packet ESA
SKILL,GAEA Technologies WinLog
SKILL,GAEA Technologies WinSieve
SKILL,GATORS ANYWHERE
SKILL,GE Healthcare Centricity EMR
SKILL,GE Healthcare ImageQuant TL
SKILL,GEO-SLOPE GeoStudio
SKILL,GEOCOMtms A.Maze Planning
SKILL,GGY AXIS
SKILL,GHG Clockwise
SKILL,GNOME Gnutrition
SKILL,GTX RastorCAD
SKILL,GYST
SKILL,Gait analysis software
SKILL,Gallery Systems EmbARK
SKILL,Galorath SEER
SKILL,Galorath SEER-SEM
SKILL,Garment design software
SKILL,Garment tracking software
SKILL,Garmin City Select
SKILL,Gateway software
SKILL,Gateway to Logic
SKILL,Gel documentation software
SKILL,Gemcom Surpac
SKILL,Genbook
SKILL,Gene Codes Sequencher
SKILL,Genealogy software
SKILL,General Magic Portico
SKILL,General ledger software
SKILL,Genisys Fast Fixes
SKILL,GeoGraphix ARIES Portfolio
SKILL,GeoPLUS Petra
SKILL,Geocomp Systems GeoNav
SKILL,Geogebra
SKILL,Geographic information system
SKILL,Geological mapping software
SKILL,Geometric CAMWorks
SKILL,Geosoft DAP server
SKILL,Geosoft Oasis montaj
SKILL,Gerber Technology AccuMark
SKILL,GibbsCAM
SKILL,Gift registry software
SKILL,Git
SKILL,GitHub
SKILL,Globekey Agentkey
SKILL,Gnutrition
SKILL,Go
SKILL,Golden Helix ChemTree
SKILL,Golden Helix HelixTree
SKILL,Golden Software Surfer
SKILL,Golden Software Voxler
SKILL,GoodReader
SKILL,Google AdWords
SKILL,Google Analytics
SKILL,Google AngularJS
SKILL,Google Calendar
SKILL,Google Chrome
SKILL,Google Classroom
SKILL,Google Docs
SKILL,Google DoubleClick
SKILL,Google Drive
SKILL,Google Earth Pro
SKILL,Google Gmail
SKILL,Google Meet
SKILL,Google Scholar
SKILL,Google Sheets
SKILL,Google Sites
SKILL,Google Video
SKILL,Google spreadsheet
SKILL,Govern Software GovMap
SKILL,Graphic presentation software
SKILL,Graphical user interfaces GUI
SKILL,Graphics card driver software
SKILL,Graphics creation software
SKILL,Graphics digitizing software
SKILL,Graphics editing software
SKILL,Graphics pipelines
SKILL,Graphics software
SKILL,Graphing software
SKILL,Greenhills Ada compilers
SKILL,Gregg Software Gregg Rock-It
SKILL,GrenSoft WorkTracer
SKILL,Groom Pro
SKILL,GroupMe
SKILL,Guardian RFID
SKILL,Gutenberg-e
SKILL,HAISEN SoftWare System
SKILL,HARVEST
SKILL,HATPRO
SKILL,HCSS HeavyBid
SKILL,HCSS HeavyJob
SKILL,HEAT Software GoldMine
SKILL,HEC-HMS
SKILL,HEC-RAS
SKILL,HIMSA Noah
SKILL,HMIS Advantage
SKILL,HMS
SKILL,HP Autonomy TeamSite
SKILL,HP DataProtector
SKILL,HP Fortify
SKILL,HP Trim
SKILL,HP WebInspect
SKILL,HUD-1 software
SKILL,HVAC tools software
SKILL,HYPACK MAX
SKILL,Hagel Unitime Systems
SKILL,Halogen e360
SKILL,Halogen ePraisal
SKILL,Hamrick Software VueScan
SKILL,Hand held spell checkers
SKILL,Harris Tech X.over Pro
SKILL,Harris Technologies BassBox
SKILL,Harvard Graphics
SKILL,HealthLine Systems Eyecom
SKILL,Healthpac Medical Billing
SKILL,Healthprolink MedAtlas
SKILL,Helios TextPad
SKILL,Help desk software
SKILL,HelpIT Systems addressIT
SKILL,Henry Schein Dentrix
SKILL,Hewlett Packard HP-UX
SKILL,Hewlett Packard LoadRunner
SKILL,Hewlett-Packard HP OpenVMS
SKILL,Hexagon Metrology PC-DMIS
SKILL,Hibernate ORM
SKILL,HindSight InView
SKILL,HiroSoft EPICURE
SKILL,Hitachi ZXLink
SKILL,Home rating software
SKILL,Honeypot
SKILL,Honeywell WEBs-N4
SKILL,Honeywell Wintress PACNet
SKILL,Hootsuite
SKILL,Horizon Software MRP Plus
SKILL,HotFlo! Die-Shot Monitor
SKILL,HubSpot software
SKILL,Human resources software
SKILL,Hyland Software OnBase
SKILL,Hypercube HyperChem
SKILL,Hyperion Enterprise
SKILL,Hyperscore
SKILL,Hypertext preprocessor PHP
SKILL,I-many Contract Management
SKILL,IBM Cognos Impromptu
SKILL,IBM Costimater
SKILL,IBM DB2
SKILL,IBM Domino
SKILL,IBM FileNet Content Manager
SKILL,IBM InfoSphere DataStage
SKILL,IBM Informix
SKILL,IBM Lotus 1-2-3
SKILL,IBM Lotus LearningSpace
SKILL,IBM Lotus Notes
SKILL,IBM Notes
SKILL,IBM Power Systems software
SKILL,IBM Rational Apex
SKILL,IBM Rational ClearCase
SKILL,IBM Rational ClearQuest
SKILL,IBM Rational DOORS
SKILL,IBM Rational Data Architect
SKILL,IBM Rational RequisitePro
SKILL,IBM SPSS Statistics
SKILL,IBM WebSphere
SKILL,IBM WebSphere MQ
SKILL,IBM iSeries Access
SKILL,ICANotes
SKILL,ICTraining
SKILL,IDEA TrialPro
SKILL,IDEXX Laboratories IDEXX VPM
SKILL,IDX Groupcast
SKILL,IFT-Pro
SKILL,IHS Petra
SKILL,IHS QUE$TOR
SKILL,IMPACT software
SKILL,INCORE code
SKILL,IRIS
SKILL,ISS Construction Manager
SKILL,Ibbotson Portfolio Strategist
SKILL,ImPACT
SKILL,Image analysis software
SKILL,Image analysis systems
SKILL,Image editing software
SKILL,Image processing software
SKILL,Image processing systems
SKILL,Image scanning software
SKILL,ImageJ
SKILL,Imaging software
SKILL,Imperva SecureSphere
SKILL,InScribe
SKILL,InSystems Calligo Enterprise
SKILL,Incident tracking software
SKILL,Industrial Scientific iNET
SKILL,Industrial control software
SKILL,Inetsoft
SKILL,Infoblox NetMRI
SKILL,Infocom JACS
SKILL,Infor ERP SyteLine
SKILL,Infor Supply Chain Management
SKILL,InformaVet ALIS-VET
SKILL,Information Builders WebFOCUS
SKILL,Ingenious ProPlan
SKILL,Injury Sciences EDR InSight
SKILL,Injury tracking software
SKILL,Inline code expander software
SKILL,InnQuest Software roomMaster
SKILL,InnQuest roomMaster
SKILL,Insight Direct ServiceCEO
SKILL,Insightful S-PLUS
SKILL,Inspection marking systems
SKILL,Instagram
SKILL,Installalogy Access Client
SKILL,Instant messaging software
SKILL,Instructional software
SKILL,Instructure Canvas
SKILL,Insurance analysis software
SKILL,Insurance rating software
SKILL,InteLext Past Masters
SKILL,Integrant DebtLogic
SKILL,IntelliTrack DMS Check In-Out
SKILL,Intera Systems Hawk-i
SKILL,Interactive learning software
SKILL,Intergraph MGE
SKILL,Interlock shutdown systems
SKILL,Internet Grievance System IGS
SKILL,Internet browser software
SKILL,Interwoven software
SKILL,Intrado SchoolMessenger
SKILL,Intrax ProcedureNet
SKILL,Intuit QuickBase
SKILL,Intuit QuickBooks
SKILL,Intuit Quicken
SKILL,Inventory control software
SKILL,Inventory control systems
SKILL,Inventory management software
SKILL,Inventory management systems
SKILL,Inventory software
SKILL,Inventory tracking software
SKILL,Inventrix Labtrac
SKILL,IpFilter
SKILL,Iseemedia Photovista Panorama
SKILL,ItemTracker
SKILL,Ivorix Neurostrategy Finance
SKILL,JDA Manugistics
SKILL,JETCAM Expert
SKILL,JSTOR database
SKILL,JUnit
SKILL,Jail management software
SKILL,JamBoard
SKILL,JavaScript
SKILL,Jenkins CI
SKILL,Jenzabar ERP
SKILL,Jenzabar EX
SKILL,JessX
SKILL,Job control language JCL
SKILL,Job costing software
SKILL,Job scheduling software
SKILL,Job tracking software
SKILL,JobBOSS
SKILL,JobPack MES Scheduler
SKILL,Jobber Computer Plus
SKILL,Johnson Controls Metasys
SKILL,JudgeIt II
SKILL,Jupyter Notebook
SKILL,KAPES
SKILL,KCD
SKILL,KEYENCE PLC Ladder Logic
SKILL,KNMI TurboWin
SKILL,Kahoot
SKILL,Kali Linux
SKILL,Kapwing
SKILL,KayPENTAX Nasometer
SKILL,Kentech Kipware TB
SKILL,Kentech PROTALK
SKILL,Kewill Compliance Partner
SKILL,Khameleon
SKILL,KinTraks
SKILL,Kliger-Weiss Infosystems
SKILL,Kronos Workforce HR
SKILL,Kronos Workforce Payroll
SKILL,Kronos Workforce Timekeeper
SKILL,LAMP Stack
SKILL,LAN software
SKILL,LSA Visual Easy Lean
SKILL,LaTeX
SKILL,Label inspection systems
SKILL,Label making software
SKILL,Label printing software
SKILL,Label-making software
SKILL,Labeling software
SKILL,Land & Sea DYNO-MAX
SKILL,Landmark Graphics GeoGraphix
SKILL,Landmark Graphics TOW/cs
SKILL,Landmark Sales LOG-istics
SKILL,Language analysis software
SKILL,Laser Substrates PostalXport
SKILL,Laserfiche Avante
SKILL,Lathem Time PayClock EZ
SKILL,Latitude software
SKILL,LawManager
SKILL,Legal Files software
SKILL,Legal document software
SKILL,Legal management software
SKILL,Legal research software
SKILL,Legal software
SKILL,Leica AEROPLAN LiDAR
SKILL,Leica Geosystems FMS
SKILL,Lemkesoft GraphicConverter
SKILL,Lending software systems
SKILL,Lenox Softworks VideoPoint
SKILL,Levare Center Court
SKILL,LexisNexis
SKILL,LexisNexis Accurint
SKILL,LexisNexis Banko
SKILL,LexisNexis CaseMap
SKILL,LexisNexis PCLaw
SKILL,LexisNexis RiskWise
SKILL,LexisNexis SmartLinx
SKILL,LexisNexis Time Matters
SKILL,Lexrotech LxPediatric
SKILL,Library software
SKILL,LibreOffice Draw
SKILL,License management software
SKILL,Lifeline Software RadCalc
SKILL,LightSpeed Cloud
SKILL,LinearTeam WinISD
SKILL,Linspire Nvu
SKILL,Linux
SKILL,Linux-based email software
SKILL,Listserv software
SKILL,Litchi
SKILL,Litigation support software
SKILL,Load testing software
SKILL,Loan tracking software
SKILL,Location mapping software
SKILL,Log book software
SKILL,LogMeIn GoToMeeting
SKILL,LogMeIn GoToWebinar
SKILL,LogRhythm
SKILL,LoggerPC software
SKILL,LogiXML Ad-HOC
SKILL,Logic programming software
SKILL,Logo
SKILL,Loom
SKILL,Lucidchart
SKILL,LunchByte Systems NUTRIKIDS
SKILL,M-code
SKILL,M8 Client Billing
SKILL,MAGIX Software Sound Forge
SKILL,MASterMind
SKILL,MAYA Nastran
SKILL,MEDITECH software
SKILL,MGHworld Travel Agents
SKILL,MHC Document Express
SKILL,MIRS Compliance
SKILL,MNT Northwest MNT Assistant
SKILL,MPAY Millennium
SKILL,MPMsoft billing
SKILL,MSC Software Adams
SKILL,MSC Software Nastran
SKILL,MSR Visual Exporter
SKILL,MTI Systems Costimator JS
SKILL,MUMPS M
SKILL,MYOB BusinessEssentials
SKILL,Mac HelpMate
SKILL,Machine control software
SKILL,Machine control systems
SKILL,Machine monitoring software
SKILL,Macromedia Cold Fusion
SKILL,Made2Manage Systems M2M ERP
SKILL,Mag+
SKILL,MailChimp
SKILL,Mailing and shipping software
SKILL,Main Street Softworks Monetra
SKILL,Maintenance planning software
SKILL,Maintenance record software
SKILL,Maintenance software
SKILL,MakeMusic Finale
SKILL,ManagerPlus
SKILL,Manatron MVP Tax
SKILL,Mannus Compliance: EHS
SKILL,Map Maker
SKILL,Map building software
SKILL,Map creation software
SKILL,MapInfo
SKILL,MapInfo MapMarker
SKILL,MapInfo Professional
SKILL,MapInfo StreetPro
SKILL,MapShots EASi Suite
SKILL,Mapcom systems M4
SKILL,Maplesoft Maple
SKILL,Mapping software
SKILL,Maptech The CAPN
SKILL,Maptek Vulcan
SKILL,Mapthematics GeoCart
SKILL,Marathon Data Systems PestPac
SKILL,MarcoSoft Quo Vadis
SKILL,MarketSharp
SKILL,Marketo Marketing Automation
SKILL,Martin D Adamiker's TruFlite
SKILL,Mastercam
SKILL,Mastercam Design
SKILL,Materials inventory software
SKILL,Materials management software
SKILL,Math educational software
SKILL,Mathsoft Mathcad
SKILL,Mavenlink
SKILL,Maxon Cinema 4D
SKILL,Mayer-Johnson Boardmaker
SKILL,Maynard PlanStaff Manager
SKILL,Mazak Mazatrol SMART CNC
SKILL,McCabe Software TRUEchange
SKILL,McKesson ANSOS One-Staff
SKILL,McKesson Lytec
SKILL,McNeel Rhino
SKILL,McNeel Rhino software
SKILL,MedTeach
SKILL,Medgate Enterprise EHS
SKILL,MediGraph
SKILL,MediPro Medisoft Clinical
SKILL,MediaShout
SKILL,MediaWiki
SKILL,Medical information software
SKILL,Medical records software
SKILL,Medical reference software
SKILL,Medical software
SKILL,Medical terminology databases
SKILL,Medovation RadRunner
SKILL,Meeting scheduling software
SKILL,MeetingMatrix International
SKILL,Megger PowerDB
SKILL,Membership databases
SKILL,Mentimeter
SKILL,Menu planning software
SKILL,Metadata management software
SKILL,Metal designing software
SKILL,Meter reading software
SKILL,Mi-Co Mi-Forms
SKILL,Mi-Co Mi-Forms Client
SKILL,Mi-Co software
SKILL,Micro Estimating FabPlan
SKILL,MicroFocus GroupWise
SKILL,MicroPress VTeX
SKILL,MicroSolve CAMA
SKILL,MicroStrategy
SKILL,MicroSurvey FieldGenius
SKILL,MicroSurvey Star*Net
SKILL,Microsoft .NET Framework
SKILL,Microsoft ASP.NET
SKILL,Microsoft ASP.NET Core MVC
SKILL,Microsoft Access
SKILL,Microsoft Active Directory
SKILL,Microsoft ActiveSync
SKILL,Microsoft ActiveX
SKILL,Microsoft Azure
SKILL,Microsoft Dynamics
SKILL,Microsoft Dynamics AX
SKILL,Microsoft Dynamics GP
SKILL,Microsoft Dynamics Marketing
SKILL,Microsoft Entourage
SKILL,Microsoft Excel
SKILL,Microsoft Exchange
SKILL,Microsoft FRx
SKILL,Microsoft FrontPage
SKILL,Microsoft Hyperterminal
SKILL,Microsoft Internet Explorer
SKILL,Microsoft MapPoint
SKILL,Microsoft Mobile Explorer MME
SKILL,Microsoft NetMeeting
SKILL,Microsoft Office Live Meeting
SKILL,Microsoft Office Mobile
SKILL,Microsoft OneNote
SKILL,Microsoft PowerShell
SKILL,Microsoft Project
SKILL,Microsoft Publisher
SKILL,Microsoft SQL Server
SKILL,Microsoft SharePoint
SKILL,Microsoft SharePoint Server
SKILL,Microsoft System Center
SKILL,Microsoft Visio
SKILL,Microsoft Visual Basic
SKILL,Microsoft Visual Basic.NET
SKILL,Microsoft Visual C# .NET
SKILL,Microsoft Visual FoxPro
SKILL,Microsoft Visual Studio
SKILL,Microsoft Windows Movie Maker
SKILL,Microsoft Windows Server
SKILL,Microsoft Works
SKILL,Microsoft operating system
SKILL,Midland Valley 2DMove
SKILL,Midland Valley Move Suite
SKILL,Migration software
SKILL,Millennium Software Atrex
SKILL,MindJet MindManager
SKILL,Mine maintenance software
SKILL,MineSight
SKILL,Mintel Reports
SKILL,Mixed code generator
SKILL,Mobile application software
SKILL,MobileToys MAIDXL
SKILL,Modeling software
SKILL,MolDraw
SKILL,Molsearch Pro
SKILL,MongoDB
SKILL,Moodle
SKILL,Moody's KMV FAMAS
SKILL,Moody's KMV Risk Advisor
SKILL,Moody's RiskCalc
SKILL,Mortware Professional
SKILL,Motion analysis software
SKILL,Motion capture software
SKILL,Motion control software
SKILL,Motor testing software
SKILL,Moxa software
SKILL,Mozilla Thunderbird
SKILL,MultiGen Paradigm Vega Prime
SKILL,Multitask software
SKILL,Music Director Pro
SKILL,Music databases
SKILL,Music software
SKILL,Muthen & Muthen Mplus
SKILL,Mxi Technologies Maintenix
SKILL,MySQL
SKILL,NC verification software
SKILL,NCH Software Express Invoice
SKILL,NCR Advanced Store
SKILL,NCR NeighborhoodPOS
SKILL,NCR Teradata Warehouse Miner
SKILL,NIKSUN NetDetector
SKILL,NILS INSource
SKILL,NOAA Shoreline Data Explorer
SKILL,Nagios
SKILL,National Instruments LabVIEW
SKILL,NaviNet Open
SKILL,Navigation software
SKILL,Navigational chart software
SKILL,Navzilla
SKILL,Nearpod
SKILL,Nebu Dub InterViewer
SKILL,Nedstat Sitestat
SKILL,NeoOffice
SKILL,NetSuite ERP
SKILL,Netreo OmniCenter
SKILL,Netscape Navigator
SKILL,Network bridge software
SKILL,Network conferencing software
SKILL,Network design software
SKILL,Network management software
SKILL,Network monitoring software
SKILL,Network reporting software
SKILL,Network shutdown software
SKILL,Network storage software
SKILL,NeuroSolutions for MatLab
SKILL,New World Systems Logos.NET
SKILL,Nexiq Tech HDS Suite for Palm
SKILL,Nielsen Arianna
SKILL,Nielsen Marketbreaks
SKILL,NoSQL
SKILL,Node.js
SKILL,Novell eDirectory
SKILL,Nuance OmniPage Professional
SKILL,Nuance PaperPort Professional
SKILL,NutriGenie Optimal Nutrition
SKILL,Nutrition analysis software
SKILL,Nuvosoft Rwiz
SKILL,Nvu
SKILL,O*NET OnLine
SKILL,OMICRON Test Universe
SKILL,OMTI ReporterBase
SKILL,OWL Bookkeeping for Realtors
SKILL,Objectif Lune PrintShop Mail
SKILL,Objective C
SKILL,Office suite software
SKILL,Oil mapping software
SKILL,Omeka software
SKILL,Omni Group OmniGraffle
SKILL,On Center On-Screen Takeoff
SKILL,On Center Quick Bid
SKILL,One Mile Up Panel Planner
SKILL,OneCNC CAD/CAM
SKILL,Online databases
SKILL,Online library databases
SKILL,Online meeting software
SKILL,Online reference databases
SKILL,Online registration software
SKILL,Online trading software
SKILL,Open Graphics Library OpenGL
SKILL,Open Mind hyperMILL
SKILL,Open Shortest Path First OSPF
SKILL,OpenDroneMap
SKILL,OpenOffice WRITER
SKILL,OpenOffice.org
SKILL,OpenService Open NerveCenter
SKILL,OpenStack
SKILL,OpenTable
SKILL,Operating log software
SKILL,Operating system software
SKILL,Optical scanning software
SKILL,Optimization software
SKILL,OrCAD Capture
SKILL,Oracle Advanced Procurement
SKILL,Oracle Beehive
SKILL,Oracle DBMS
SKILL,Oracle Darwin
SKILL,Oracle E-Business Suite
SKILL,Oracle Eloqua
SKILL,Oracle Flow Manufacturing
SKILL,Oracle Fusion Applications
SKILL,Oracle Fusion Middleware
SKILL,Oracle Hyperion
SKILL,Oracle JDBC
SKILL,Oracle Java
SKILL,Oracle JavaServer Pages JSP
SKILL,Oracle Learning Management
SKILL,Oracle NetSuite
SKILL,Oracle PL/SQL
SKILL,Oracle PeopleSoft
SKILL,Oracle PeopleSoft Financials
SKILL,Oracle Primavera Systems
SKILL,Oracle Reports
SKILL,Oracle Retek
SKILL,Oracle SQL Plus
SKILL,Oracle Siebel CRM
SKILL,Oracle Siebel Server Sync
SKILL,Oracle Solaris
SKILL,Oracle Taleo
SKILL,Oracle WebLogic
SKILL,Oracle WebLogic Server
SKILL,Oracle iPlanet Web Server
SKILL,Oracle software
SKILL,Orbius
SKILL,Order management software
SKILL,Ordering software
SKILL,OriginLab Origin
SKILL,Otometrics OTOsuite
SKILL,Oversight Insights On Demand
SKILL,PANalytical X'Pert Epitaxy
SKILL,PC Weather Products HURRTRAK
SKILL,PC-Mapper software
SKILL,PC-Progress HYDRUS
SKILL,PCC EHR
SKILL,PCC Pediatric Partner
SKILL,PCI Geomatics eCognition
SKILL,PDF readers
SKILL,PEDYN P2000
SKILL,PHP
SKILL,PLplot
SKILL,PREMIS
SKILL,PRICE Sytems TruePlanning
SKILL,PTC Arbortext
SKILL,PTC Creo Parametric
SKILL,PTC Pro/INTRALINK
SKILL,Pacific Solutions FloorRight
SKILL,Padlet
SKILL,Page markers
SKILL,Paisley Cardmap
SKILL,Palisade @Risk
SKILL,Palm OS
SKILL,Palm Pal Transana
SKILL,PaloAlto Advertising Plan Pro
SKILL,Panopto
SKILL,Panoweaver Panorama
SKILL,ParTech PixelPoint POS
SKILL,Parallel systems software
SKILL,Parature eRealtime
SKILL,ParentSquare
SKILL,Parts database software
SKILL,Pason WellView Field Solution
SKILL,Password management software
SKILL,PathogenTracker
SKILL,Patient billing software
SKILL,Patient tracking software
SKILL,Pattern design software
SKILL,PatternMaker
SKILL,Payroll software
SKILL,Pear Deck
SKILL,Pentagon 2000SQL
SKILL,Pentaho Kettle
SKILL,PeopleNet
SKILL,PerfectByte Ortho
SKILL,Perforce Helix software
SKILL,Perforce software
SKILL,Performance database software
SKILL,PerkinElmer ChemOffice Suite
SKILL,Perl
SKILL,Perseus SurveySolutions
SKILL,Personnel management software
SKILL,Personnel scheduling software
SKILL,Petschedule
SKILL,Petz Enterprises V-Tax
SKILL,Pharmaceutical software
SKILL,Pharmacy management software
SKILL,Phase One Capture One
SKILL,PhoneGap
SKILL,PhotoModeler
SKILL,Photogrammetric software
SKILL,Piazza
SKILL,Pimlico Software DateBk
SKILL,Ping Identity
SKILL,Ping tools
SKILL,Pinterest
SKILL,PipingOffice
SKILL,Pix4D
SKILL,Pix4Dcapture
SKILL,Pix4Dmapper
SKILL,Pixar RenderMan Studio
SKILL,PlanSwift
SKILL,Planit Alphacam
SKILL,Planstone
SKILL,Plant maintenance software
SKILL,Plant management software
SKILL,Plexis Software Plexis POS
SKILL,Ploticus
SKILL,Plug-in file software
SKILL,Plume modeling software
SKILL,Point of sale POS software
SKILL,PointClickCare HER
SKILL,Polhemus FastSCAN
SKILL,Poll Everywhere
SKILL,PolySystems Asset Delphi
SKILL,Polycom RealPresence
SKILL,Popkin System Architect
SKILL,Portal server software
SKILL,Portswigger BurP Suite
SKILL,Positive pay software
SKILL,Postal Explorer
SKILL,Postal tracking software
SKILL,PostgreSQL
SKILL,Posting software
SKILL,Potrace
SKILL,PowerSchool SIS
SKILL,Powersim PSIM
SKILL,Practice Technology Prevail
SKILL,Presentation software
SKILL,Prezi
SKILL,PricePoint
SKILL,Pricing software
SKILL,Primatech AUDITWorks
SKILL,Primavera Cost Management
SKILL,Printer driver software
SKILL,ProCAT Denoto
SKILL,ProForce Paralegal Pro-Pack
SKILL,ProForce Ultimate Brochures
SKILL,ProModel
SKILL,Procedure management software
SKILL,Procurement software
SKILL,Product producer databases
SKILL,Production control software
SKILL,Production planning software
SKILL,Productivity software
SKILL,Profitool GearWatch
SKILL,Profitool software
SKILL,Program logging software
SKILL,Program testing software
SKILL,Programming languages
SKILL,Progress Sonic ESB
SKILL,Project estimation software
SKILL,Project management software
SKILL,Project planning software
SKILL,ProjectSend
SKILL,Prolog
SKILL,Promine
SKILL,Property Insight TitlePoint
SKILL,Property scheduling software
SKILL,PropertyInfo SureClose
SKILL,Propertyware
SKILL,Protein Explorer
SKILL,PsychSim
SKILL,Pulse Train Bellview Scan
SKILL,Pulse Train Bellview Web
SKILL,Puppet
SKILL,Purchasing software
SKILL,PurchasingNet eProcurement
SKILL,Pure Data PD
SKILL,Python
SKILL,Pyxis MedStation software
SKILL,QAD Marketing Automation
SKILL,QMC CM4D
SKILL,QPSMR Limited Reflect
SKILL,QSM SLIM
SKILL,QSR International NVivo
SKILL,QUALCOMM Eudora
SKILL,QUALCOMM QTRACS
SKILL,QUALCOMM ViaWeb
SKILL,QUMAS
SKILL,Qlik Tech QlikView
SKILL,Quadralay WebWorks ePublisher
SKILL,Qualtrics Insight
SKILL,Qualtrics Research Suite
SKILL,Qualys Cloud Platform
SKILL,Quantrax Intelec
SKILL,Quark
SKILL,Quark Immedia
SKILL,QuarkXPress
SKILL,QuarkXpress Passport
SKILL,QuestSuite Professional
SKILL,Questek Humanis
SKILL,Questionmark Perception
SKILL,Questor Systems ARGUS
SKILL,Questor Systems QScan32
SKILL,Quick Notes PDQ Podiatry
SKILL,Quizlet
SKILL,Quorum PGAS
SKILL,Quote Software QuoteExpress
SKILL,QuoteWerks
SKILL,R
SKILL,RCS NexGen Digital
SKILL,RFID software
SKILL,RFMS Schedule Pro
SKILL,RISA Technologies RISA-3D
SKILL,RISA Technologies RISAMasonry
SKILL,RIVERMorph
SKILL,RPIS Silent CMA
SKILL,RPIS Silent Flyer
SKILL,RSI ENVI
SKILL,RTA Fleet Management
SKILL,RV Damage Repair Estimator
SKILL,Radiant Systems CounterPoint
SKILL,Radiology information systems
SKILL,RamQuest Total Solution
SKILL,Ramesys Hospitality
SKILL,Rapid prototyping software
SKILL,Rasmussen Software Anzio
SKILL,Rate calculation software
SKILL,RazorSync
SKILL,ReCrystallize Crystal Reports
SKILL,ReServe Interactive
SKILL,React
SKILL,ReadyTalk
SKILL,Real Estate Assistant REA
SKILL,Real estate and tax software
SKILL,RealData REIA
SKILL,Realization Streamliner
SKILL,Really Simple Syndication RSS
SKILL,RealtyStar AgentOffice
SKILL,Recipe cost control software
SKILL,Recordkeeping software
SKILL,Records management software
SKILL,Records management systems
SKILL,Red Hat Enterprise Linux
SKILL,Red Hat OpenShift
SKILL,Red Hat WildFly
SKILL,RedPrairie DLx Warehouse
SKILL,RedPrairie E2e
SKILL,Redgate SQL Server
SKILL,RefWorks
SKILL,Reference management software
SKILL,Regulussoft Route Accounting
SKILL,Relational database software
SKILL,Relex Weibull
SKILL,ReliaSoft Prism
SKILL,ReliaSoft Weibull++ 6
SKILL,Remedy Interactive iMitigate
SKILL,Remote access software
SKILL,Remote control software
SKILL,Remote monitoring software
SKILL,Renaissance MasterCarpenter
SKILL,RepairTRAX
SKILL,Report generation software
SKILL,Report writing software
SKILL,ReporterWorks
SKILL,Reservation software
SKILL,Resort Data Processing
SKILL,Resource management software
SKILL,ResourceMate Plus
SKILL,Restaurant Manager
SKILL,Retail management software
SKILL,Retail sales software
SKILL,Rethink Ed
SKILL,Reudink Software ZooEasy
SKILL,Reveal Systems Truewire
SKILL,Rezdy
SKILL,Rezgo
SKILL,RhinoSoft FTP Voyager
SKILL,RibbonSoft QCad
SKILL,Riverbed Technology
SKILL,RobotWare DieCast
SKILL,Robotic control software
SKILL,Robotic painting software
SKILL,RockWare ArcMap
SKILL,RockWare MODFLOW
SKILL,RockWare RockWorks
SKILL,RockWare SieveGraph
SKILL,Rocket/Folio NXT
SKILL,Rockwell RSLogix
SKILL,Rockwell RSView
SKILL,Roof support design software
SKILL,RoofLogic
SKILL,Roofing Calculator
SKILL,Root cause analysis software
SKILL,Route mapping software
SKILL,Route navigation software
SKILL,Route planning software
SKILL,Routing software
SKILL,Roxio Retrospect
SKILL,Ruby
SKILL,RungePincockMinarco XERAS
SKILL,SACLANTCEN
SKILL,SAP
SKILL,SAS
SKILL,SIS SEMCI PARTNER
SKILL,SMART
SKILL,SOX COBIT
SKILL,SPX/OTC Genisys ConnecTech PC
SKILL,SQLite
SKILL,SRC Cash Flow Forecasting
SKILL,SRSsoft SRS EHR
SKILL,STATISTICA
SKILL,SaaS SurveyMonkey
SKILL,Sabre
SKILL,Sabre Central Command
SKILL,Safety Software OSHALOG 300
SKILL,Sage 100 Contractor
SKILL,Sage 100 ERP
SKILL,Sage 50 Accounting
SKILL,Sage ACT!
SKILL,Sage Abra
SKILL,Sage Abra HRMS
SKILL,Sage Active Planner
SKILL,Sage CPADocument Manager
SKILL,Sage Construction Anywhere
SKILL,Sage EDP Payroll Tax
SKILL,Sage ERP Accpac
SKILL,Sage MAS 500
SKILL,Sage MAS 90 ERP
SKILL,Sage Reference Online
SKILL,Sage SalesLogix
SKILL,Sage Simply Accounting
SKILL,Sage Software Sage50
SKILL,Sage Timeslips
SKILL,Sakai CLE
SKILL,Sale processing software
SKILL,Sales analysis software
SKILL,Sales and marketing software
SKILL,Sales management software
SKILL,Sales processing software
SKILL,SalesInSync
SKILL,Salesforce Marketing Cloud
SKILL,Salesforce Visualforce
SKILL,Salesforce software
SKILL,Salesforce.com Salesforce CRM
SKILL,Salford Systems CART
SKILL,Samba
SKILL,Satori Group proCube
SKILL,SavingFace
SKILL,Sawtooth SSI Web
SKILL,Scadex Technologies MAESTRO
SKILL,Scala
SKILL,Scalable vector graphics SVG
SKILL,ScanSoft PaperPort Pro
SKILL,Scanlon Associates LogPak
SKILL,Scanner imaging software
SKILL,Scanning software
SKILL,ScheduleVIEW
SKILL,Scheduling software
SKILL,Schlumberger GeoFrame
SKILL,Schlumberger PIPESIM
SKILL,Schlumberger Petrel E&P
SKILL,School Attendance Keeper
SKILL,Schoology
SKILL,Scott Systems MaxxTraxx Pro
SKILL,Screen magnification software
SKILL,Screen reader software
SKILL,Screencast-O-Matic
SKILL,Screencastify
SKILL,Scribus
SKILL,Scripting software
SKILL,SeaMonkey
SKILL,Searchable online catalogs
SKILL,Seattle Systems Shapemaker
SKILL,Seco Tools Seco Point
SKILL,Second Foundation NaviMeat
SKILL,Secure shell SSH software
SKILL,Seesaw
SKILL,Segue SilkPerformer
SKILL,Selenium
SKILL,SendGrid
SKILL,Sentai Pinpoint
SKILL,Sequence database software
SKILL,Serenity Software Editor
SKILL,Serif PagePlus
SKILL,ServiceMax
SKILL,Shafer Service Systems
SKILL,Sharetech Tabs Plus
SKILL,Shell script
SKILL,Shipping Solutions
SKILL,Shop management software
SKILL,ShoreTel
SKILL,Showing Suite
SKILL,Siemens NX for Manufacturing
SKILL,SigmaTEK SigmaNEST
SKILL,Signal analysis software
SKILL,Silver Peak
SKILL,Simsol for Adjusters
SKILL,Singing Success
SKILL,SirsiDynix Symphony
SKILL,Site Manager
SKILL,Site mapping software
SKILL,Sitecore CMS
SKILL,Skylog Services Skylog Pro
SKILL,Skywire Software InsBridge
SKILL,Slido
SKILL,Smart Digital Holter Monitor
SKILL,Smart Equipment Repair
SKILL,SmartCAMcnc SmartCAM
SKILL,SmartDraw
SKILL,SmartDraw VP
SKILL,SmartDraw.com SmartDraw Legal
SKILL,SmugMug Flickr
SKILL,Snap-On ShopKey
SKILL,Social computing tools
SKILL,Social media sites
SKILL,Social media software
SKILL,Social networking platforms
SKILL,Socrates Contractor's Library
SKILL,Soft Trac Microix Timesheet
SKILL,SoftCafe MenuPro
SKILL,SoftCafe ScheduleWriter
SKILL,SoftPro
SKILL,SoftPro ProForm
SKILL,SofterWare DonorPerfect
SKILL,SofterWare EZ-CARE2
SKILL,Softphone software
SKILL,Softstar Costar COCOMO II
SKILL,Software AG
SKILL,Software development tools
SKILL,Softworks Global PESoftOne
SKILL,Softworx Solutions ChiroWrite
SKILL,Soil mapping software
SKILL,SoilVision Systems SVOFFICE
SKILL,Sokkia Imap
SKILL,Sokkia Spectrum Survey Suite
SKILL,SolarWinds
SKILL,SolidCAM
SKILL,Sonic Studio
SKILL,Sonicwall SonicOS Enhanced
SKILL,Sony Sound Forge
SKILL,Sony Vegas Pro
SKILL,Sourcing Simulator
SKILL,Spa management software
SKILL,Specification software
SKILL,SpecsInTact
SKILL,SpectraMedi EasyFlow
SKILL,SpectraQuest
SKILL,SpectraSoft AppointmentsCS
SKILL,SpectraSoft AppointmentsPRO
SKILL,Spectroscopy databases
SKILL,Speech analysis software
SKILL,Speech recognition software
SKILL,Spell checkers
SKILL,Spellex AccuCount
SKILL,Splunk Enterprise
SKILL,SportSoft Equipment Manager
SKILL,Spreadsheet applications
SKILL,Spreadsheet programs
SKILL,Spreadsheet software
SKILL,Spring Boot
SKILL,Spring Framework
SKILL,St. Paul Travelers e-CARMA
SKILL,Stac Software ReachOut
SKILL,Staff scheduling software
SKILL,StatPoint StatGraphics Plus
SKILL,StataCorp Stata
SKILL,Statistical analysis software
SKILL,Statistical software
SKILL,Statistics databases
SKILL,Statistics software
SKILL,Steinberg Cubase Pro
SKILL,Steroplotter software
SKILL,Storage management software
SKILL,Storage networking software
SKILL,Stormdance CatsCradle
SKILL,StrataCare StrataWare eReview
SKILL,Stratitec TimeIPS
SKILL,Striker Systems SS-Profile
SKILL,Striker Systems SS-Punch
SKILL,Stromberg Enterprise
SKILL,Structure query language SQL
SKILL,Structured query language SQL
SKILL,Student record software
SKILL,Style guide databases
SKILL,Sugar CRM
SKILL,SugarCRM Sugar UX
SKILL,SugarSync
SKILL,SumTime Software SumTime
SKILL,SumTotal Systems ToolBook
SKILL,Summation Blaze
SKILL,Sun Microsystems Java
SKILL,Sun Microsystems Sun ONE
SKILL,Sun Nuclear MapCHECK
SKILL,SunGard LockBox
SKILL,Sungard Assurance
SKILL,Sungard Relius
SKILL,Sunrise Software CropSave
SKILL,Supply inventory software
SKILL,Supply ordering software
SKILL,Supply system software
SKILL,Sure Will Writer
SKILL,SureQuest Systems Square 1
SKILL,Surface III
SKILL,Surpass
SKILL,Survey software
SKILL,SurveyWiz
SKILL,Swan River Estimiser Pro
SKILL,Sweep analysis software
SKILL,SweetWARE SmallPICS
SKILL,SweetWARE nutraCoster
SKILL,SweetWARE stockCoster
SKILL,Swift
SKILL,Swiftpage Act!
SKILL,Switch or router software
SKILL,SyberWorks Training Center
SKILL,Sylvan Software DropChute Pro
SKILL,Sylvan Software ShortCut
SKILL,Symantec
SKILL,Symantec Ghost Solution Suite
SKILL,Symantec Intruder Alert
SKILL,Symantec LiveState
SKILL,Symantec Norton Antivirus
SKILL,Symantec Norton Utilities
SKILL,Symantec Veritas File System
SKILL,Symantec pcAnywhere
SKILL,Symbolic debugger software
SKILL,Symphony GOLD
SKILL,SynDiag
SKILL,Synopsys Saber
SKILL,Syscon Court Clerk
SKILL,System Innovators
SKILL,System testing software
SKILL,SystemVerilog
SKILL,TCI XML Credit Interface
SKILL,TECSYS PointForce Enterprise
SKILL,TELEDYNE CARIS
SKILL,TIBCO Spotfire
SKILL,TKSoftware
SKILL,TMW PowerSuite
SKILL,TOTE code
SKILL,TPNassist
SKILL,TRACKUM Repair Manager
SKILL,TRMI Airport AVI
SKILL,TTP LabTech comPOUND
SKILL,Tableau
SKILL,Tablet application software
SKILL,Tadpoles
SKILL,Tailor Master
SKILL,Tangier Sky Scheduler View
SKILL,TapRooT
SKILL,Tape backup system software
SKILL,TatukGIS Editor
SKILL,Tave Studio Manager
SKILL,Tax planning software
SKILL,Tax preparation software
SKILL,Tax software
SKILL,Tebis Base
SKILL,TechSmith Camtasia
SKILL,TechSmith Snagit
SKILL,Techsia Techlog
SKILL,TekSoft CAMWorks
SKILL,Teleconferencing software
SKILL,Telemation e-CRM
SKILL,Telnet programs software
SKILL,Telogis GeoBase
SKILL,Template design software
SKILL,Teradata Database
SKILL,Terminal emulation software
SKILL,Terrasolid TerraScan
SKILL,Test interpretation software
SKILL,Test routing software
SKILL,TestNG
SKILL,Testing software
SKILL,Text mining software
SKILL,Text reader software
SKILL,Text scanning software
SKILL,Text to speech software
SKILL,The CAD Zone The Crime Zone
SKILL,The Foundry Nuke
SKILL,The Gallagher Group DataCare
SKILL,The General Store
SKILL,The Groomer's Write Hand
SKILL,The MathWorks MATLAB
SKILL,The MathWorks Simulink
SKILL,The Napa Group NAPA
SKILL,The Pixel Farm PFTrack
SKILL,The Systems Workplace TDOCS
SKILL,TherAssist
SKILL,TheraClin Systems iMAPR
SKILL,Thomson EndNote
SKILL,Thomson GoSystem MyTaxInfo
SKILL,Thomson GoSystem Tax
SKILL,Thomson Reuters Elite ProLaw
SKILL,Thomson Reuters EndNote
SKILL,Thomson Reuters Westlaw
SKILL,Thomson Reuters WestlawNext
SKILL,Thomson West ProLaw
SKILL,Thomson West Westlaw
SKILL,Thomson West WestlawPRO
SKILL,Threaded code compiler
SKILL,Thriveworks TherapyBuddy
SKILL,TickQuest NeoTicker
SKILL,TietoEnator ProMatch
SKILL,TileGem
SKILL,Time accounting software
SKILL,Time and attendance software
SKILL,Time card software
SKILL,Time recording software
SKILL,Time report software
SKILL,Time reporting software
SKILL,Time tracking software
SKILL,TimeSolv Legal
SKILL,TimeTrak Systems ClocTrack
SKILL,TimeTrak Systems SchedTrak
SKILL,TimeValue software
SKILL,Timekeeping software
SKILL,Timpani Chat
SKILL,Timpani Contact Center
SKILL,Timpani Email
SKILL,TokenX
SKILL,Tolerance analysis software
SKILL,TopCAATs
SKILL,TopProducer
SKILL,Topographic database software
SKILL,Topographic map software
SKILL,TourTech Systems TourTools
SKILL,Towers Perrin MoSes
SKILL,Traceability software
SKILL,Traceroute
SKILL,Tracks Software
SKILL,Tracware AeroTrac
SKILL,TradeTec TallyWorks Logs
SKILL,Traffic control software
SKILL,Traffic record databases
SKILL,Traffic shapers
SKILL,Traffic signal software
SKILL,Trafficware SimTraffic
SKILL,Training software
SKILL,Transact-SQL
SKILL,Transaction server software
SKILL,Transcription software
SKILL,Transcription system software
SKILL,Transmission line simulators
SKILL,Travel Agent CMS
SKILL,Travii
SKILL,Travis
SKILL,TreeView
SKILL,Trend Micro TippingPoint
SKILL,TrialWorks
SKILL,Trimble AgGPS EZ-Map
SKILL,Trimble CENGEA
SKILL,Trimble Digital Fieldbook
SKILL,Trimble Farm Works
SKILL,Trimble GPS Pathfinder Office
SKILL,Trimble Pathfinder Office
SKILL,Trimble SketchUp Pro
SKILL,Trimble TerraSync
SKILL,Trimble Terramodel
SKILL,Triple Point Commodity XL
SKILL,Tripod Data Systems
SKILL,Tripod Data Systems COGO
SKILL,Trix TracTrix
SKILL,Tropics
SKILL,Troubleshooting software
SKILL,TruckersHelper
SKILL,True Audio WinSpeakerz
SKILL,Tumbleweed SecureTransport
SKILL,Twin Tier Technologies MIMS
SKILL,Twin Tiers Technologies CIMS
SKILL,UBI Biotracker
SKILL,UGS Solid Edge
SKILL,UNI-GROUP Lockpave Pro
SKILL,UNI/CARE Pro-Filer
SKILL,UNITIME
SKILL,UNIX
SKILL,UNIX Shell
SKILL,USDA Child Nutrition Database
SKILL,USPS.com
SKILL,Ulrichsweb
SKILL,Underwriting software
SKILL,UniResMan
SKILL,Unified messaging software
SKILL,Unified modeling language UML
SKILL,Uniscribe
SKILL,Unit conversion software
SKILL,VAMP/VASP
SKILL,VASP Data Viewer
SKILL,VERBI MAXQDA
SKILL,VIA Information Tools MAN-IT
SKILL,VLC Media Player
SKILL,VMWare ESX Server
SKILL,VMware
SKILL,VSN International GenStat
SKILL,VSNi GenStat
SKILL,Valiant Vantage
SKILL,ValtamTech Flight Crew Log
SKILL,ValuSoft MasterCook
SKILL,Value Analysis
SKILL,ValueTech Report Builder
SKILL,Vantage Point Software HRA
SKILL,Varian Medical Systems
SKILL,Vector Software VectorCast
SKILL,Vehicle information databases
SKILL,Vehicle management software
SKILL,Ventsim
SKILL,Verilog
SKILL,Verispan Patient Parameters
SKILL,Verisurf Metrology
SKILL,Veritas NetBackup
SKILL,Verity TELEform
SKILL,Vero Software Alphacam
SKILL,Vero Software Edgecam
SKILL,Vero Software WorkNC
SKILL,Version control software
SKILL,Vertafore ImageRight
SKILL,Vetport
SKILL,Vibration analysis software
SKILL,Video analysis software
SKILL,Video conference software
SKILL,Video conferencing software
SKILL,Video development software
SKILL,Video editing software
SKILL,Video encoder software
SKILL,Video game software
SKILL,Video production software
SKILL,Video retrieval systems
SKILL,Videoconferencing software
SKILL,Virage VS Archive
SKILL,Virtual Case Management
SKILL,Virtual Systems Mail-Shop
SKILL,Virtual instrument software
SKILL,Virtual reality game software
SKILL,Virtual reality software
SKILL,VirtualBoss
SKILL,Virus detection software
SKILL,Virus protection software
SKILL,Virus scanning software
SKILL,Visi-Trak True-Trak 20/20
SKILL,Vision Software
SKILL,Visual MODFLOW Pro
SKILL,Visual Molecular Dynamics VMD
SKILL,Visual Numerics PV-WAVE
SKILL,Visual OTTHYMO
SKILL,ViziFlow
SKILL,VocEdit
SKILL,Voice activated software
SKILL,Voice picking software
SKILL,Voice recognition software
SKILL,VoiceThread
SKILL,Voltage SecureMail
SKILL,VueCentric MortgageDashboard
SKILL,W-NOMINATE
SKILL,W3 Data BatchAppend411
SKILL,WBT Systems TopClass
SKILL,WH Software InstaCode
SKILL,WH Software MasterKey
SKILL,WHE Term-PAK
SKILL,WHONET
SKILL,WORLD Electronics Freedomware
SKILL,Wageningen MapChart
SKILL,Waste management software
SKILL,WatchWare Repair Shop
SKILL,Water resources databases
SKILL,Waterloo Hydrogeologic TACTIC
SKILL,Waters Empower 2
SKILL,Waters eLab Notebook
SKILL,Watter Hammer Software Hytran
SKILL,WaveMetrics IGOR Pro
SKILL,Wavefunction Spartan
SKILL,WeVideo
SKILL,WealthCounsel WealthDocs
SKILL,WealthEngine Findwealth
SKILL,WealthTec Foundations
SKILL,Web Scrapbook
SKILL,Web broswer software
SKILL,Web browser software
SKILL,Web conferencing software
SKILL,Web editing software
SKILL,Web page design software
SKILL,Web server software
SKILL,Web-Est
SKILL,Web-based dispatch software
SKILL,Web-based information systems
SKILL,Web-based trading systems
SKILL,WebCT
SKILL,WebClarity Software BookWhere
SKILL,WebEx Sales Center
SKILL,WebTrends Analytics
SKILL,Webinar software
SKILL,Websense Data Loss Prevention
SKILL,Website creation software
SKILL,Website development software
SKILL,Website management software
SKILL,Webtrends software
SKILL,Westlaw
SKILL,WhiteSmoke
SKILL,WiCAM PN4000
SKILL,WideOrbit
SKILL,Wiki software
SKILL,Wilcomp Software RenWeb
SKILL,Wilhelm Publishing Threshold
SKILL,WinBUGS
SKILL,WinEPIC
SKILL,WinEstimator WinEst
SKILL,WinGap
SKILL,WinMan SureSell
SKILL,WinMerge
SKILL,WinOcular
SKILL,Windent SQL
SKILL,Windows Media Player
SKILL,Windows Media Services
SKILL,Windows kernel debuggers
SKILL,Winsteps
SKILL,Wintac Pro
SKILL,WiredRed Software e/pop Basic
SKILL,Wireless software
SKILL,Wireshark
SKILL,WizSoft WizRule
SKILL,WizSoft WizWhy
SKILL,Wolfel IMMI
SKILL,Wolfram Research Mathematica
SKILL,Wolters Kluwer Loislaw
SKILL,Wonderware InTouch
SKILL,Wonderware InTouch HMI
SKILL,Wonderware software
SKILL,Word processing software
SKILL,Word recognition software
SKILL,WordPerfect
SKILL,WordPress
SKILL,WordWeb
SKILL,Words+ E Z Keys for Windows
SKILL,Work Technology WorkTech Time
SKILL,Work inspection software
SKILL,Work order software
SKILL,Work record software
SKILL,Work scheduling software
SKILL,Work time accounting software
SKILL,WorkSchedule.net
SKILL,WorkTech MAXIMO
SKILL,Workbrain Employee Scheduling
SKILL,Workbrain Time and Attendance
SKILL,Workflow software
SKILL,Workforce management software
SKILL,Workscape HR Service Center
SKILL,World Vector Shoreline
SKILL,WorldCat
SKILL,Worldspan Go!
SKILL,WorthMORE Software CaseWORTH
SKILL,X.25 Protocol
SKILL,XATA XATANET
SKILL,XML User Interface XUI
SKILL,XMetaL Author
SKILL,XNAT
SKILL,XT Software energyXT
SKILL,XV
SKILL,XY Soft Sheet Cutting Suite
SKILL,Xactware Xactimate
SKILL,Xara X
SKILL,Xerox FreeFlow Print Server
SKILL,Xerox ProfitQuick
SKILL,Xilinx ISE Foundation
SKILL,Yahoo! Email
SKILL,Yardi software
SKILL,Yield management systems
SKILL,Yokogawa FAST/TOOLS
SKILL,Yost Engineering EPStaffCheck
SKILL,YouTube
SKILL,Zabbix
SKILL,ZedX AgFleet
SKILL,Ziatek RoofDraw
SKILL,Zoomerang
SKILL,Zuken
SKILL,Zylab ZyImage
SKILL,ZynAddSubFX
SKILL,a la mode WinTOTAL
SKILL,bMobile Technology Sales
SKILL,dBASE
SKILL,dBASE Plus
SKILL,dESCO ESC
SKILL,doXstor Flight Level Logbook
SKILL,e-MDs Bill
SKILL,e-MDs Chart
SKILL,e-MDs DocMan
SKILL,e-MDs Schedule
SKILL,eBuy
SKILL,eGrabber ListGrabber
SKILL,eMDs Medisoft
SKILL,eStara Softphone
SKILL,eTakeoff
SKILL,eTritionWare
SKILL,eXe
SKILL,etouches
SKILL,funeralOne Life Tributes
SKILL,g-net solutions MTP
SKILL,iCode Everest
SKILL,iGrafx
SKILL,iKorb Real Estate
SKILL,iMagic Restaurant Reservation
SKILL,iParadigms Turnitin
SKILL,iPhotoMEASURE
SKILL,iShip
SKILL,iView Systems
SKILL,iZotope Ozone
SKILL,ifconfig
SKILL,inData TrialDirector
SKILL,jQuery
SKILL,peoplefluent Performance
SKILL,poLCA
SKILL,solidThinking
SKILL,yieldWerx
LEVEL,MSc
LEVEL,Master
LEVEL,Postgraduate Certificate
LEVEL,LLM
LEVEL,MEng
LEVEL,Postgraduate Diploma
LEVEL,BA
LEVEL,BSc
LEVEL,Bachelor
LEVEL,PhD
LEVEL,High School
LEVEL,University Degree
LEVEL,Technical School
LEVEL,Degree in 
KNOWLEDGE,Computer Science
KNOWLEDGE,Master of Business Administration
KNOWLEDGE,Economics
KNOWLEDGE,History
KNOWLEDGE,Chemistry
KNOWLEDGE,Mathematics
KNOWLEDGE,Mechanical Engineering
KNOWLEDGE,Business Administration
KNOWLEDGE,Finance
KNOWLEDGE,English
KNOWLEDGE,Social Work
KNOWLEDGE,Management
KNOWLEDGE,Biology
KNOWLEDGE,Physics
KNOWLEDGE,Accounting
KNOWLEDGE,Civil Engineering
KNOWLEDGE,Psychology
KNOWLEDGE,Public Administration
KNOWLEDGE,Public Health
KNOWLEDGE,Education
KNOWLEDGE,Electrical Engineering
KNOWLEDGE,Nursing
KNOWLEDGE,Philosophy
KNOWLEDGE,Architecture
KNOWLEDGE,Sociology
KNOWLEDGE,Chemical Engineering
KNOWLEDGE,Marketing
KNOWLEDGE,Special Education
KNOWLEDGE,Biomedical Engineering
KNOWLEDGE,Political Science
KNOWLEDGE,Music
KNOWLEDGE,International Business
KNOWLEDGE,Geography
KNOWLEDGE,Human Resource Management
KNOWLEDGE,International Relations
KNOWLEDGE,Creative Writing
KNOWLEDGE,Statistics
KNOWLEDGE,Anthropology
KNOWLEDGE,Engineering Management
KNOWLEDGE,Communication
KNOWLEDGE,Educational Leadership
KNOWLEDGE,Teaching
KNOWLEDGE,Environmental Engineering
KNOWLEDGE,Law
KNOWLEDGE,Biotechnology
KNOWLEDGE,Accountancy
KNOWLEDGE,Information Technology
KNOWLEDGE,Criminal Justice
KNOWLEDGE,Software Engineering
KNOWLEDGE,Computer Engineering
KNOWLEDGE,Counseling
KNOWLEDGE,Project Management
KNOWLEDGE,Information Systems
KNOWLEDGE,Linguistics
KNOWLEDGE,School Counseling
KNOWLEDGE,Early Childhood Education
KNOWLEDGE,Music Education
KNOWLEDGE,Public Policy
KNOWLEDGE,Geology
KNOWLEDGE,Engineering
KNOWLEDGE,Occupational Therapy
KNOWLEDGE,Art History
KNOWLEDGE,Electrical and Computer Engineering
KNOWLEDGE,Clinical Mental Health Counseling
KNOWLEDGE,MBA - Executive Master of Business Administration
KNOWLEDGE,Journalism
KNOWLEDGE,Spanish
KNOWLEDGE,Materials Science and Engineering
KNOWLEDGE,International Management
KNOWLEDGE,Environmental Science
KNOWLEDGE,Biochemistry
KNOWLEDGE,Landscape Architecture
KNOWLEDGE,Kinesiology
KNOWLEDGE,Business Analytics
KNOWLEDGE,Speech-Language Pathology
KNOWLEDGE,Applied Mathematics
KNOWLEDGE,Elementary Education
KNOWLEDGE,Aerospace Engineering
KNOWLEDGE,Clinical Psychology
KNOWLEDGE,Accounting and Finance
KNOWLEDGE,Art
KNOWLEDGE,Biological Sciences
KNOWLEDGE,Bioinformatics
KNOWLEDGE,Taxation
KNOWLEDGE,Industrial Engineering
KNOWLEDGE,Curriculum and Instruction
KNOWLEDGE,Professional Accounting
KNOWLEDGE,Secondary Education
KNOWLEDGE,Design
KNOWLEDGE,Communication Studies
KNOWLEDGE,Supply Chain Management
KNOWLEDGE,Biomedical Sciences
KNOWLEDGE,American Studies
KNOWLEDGE,Data Science
KNOWLEDGE,Cyber Security
KNOWLEDGE,Executive MBA
KNOWLEDGE,School Psychology
KNOWLEDGE,Biostatistics
KNOWLEDGE,Marketing Management
KNOWLEDGE,Sport Management
KNOWLEDGE,Educational Psychology
KNOWLEDGE,Music Performance
KNOWLEDGE,Health Administration
KNOWLEDGE,Electrical and Electronics Engineering
KNOWLEDGE,Criminology
KNOWLEDGE,Business
KNOWLEDGE,French
KNOWLEDGE,Information Systems Management
KNOWLEDGE,English Literature
KNOWLEDGE,Classics
KNOWLEDGE,Entrepreneurship
KNOWLEDGE,Fine Art
KNOWLEDGE,Bioengineering
KNOWLEDGE,Mathematics Education
KNOWLEDGE,Business Management
KNOWLEDGE,Teaching English to Speakers of Other Languages
KNOWLEDGE,International Business Management
KNOWLEDGE,Teaching English to Speakers of Other Languages (TESOL)
KNOWLEDGE,Construction Management
KNOWLEDGE,Neuroscience
KNOWLEDGE,Microbiology
KNOWLEDGE,Theatre
KNOWLEDGE,Higher Education
KNOWLEDGE,Applied Linguistics
KNOWLEDGE,Art Education
KNOWLEDGE,Athletic Training
KNOWLEDGE,Applied Economics
KNOWLEDGE,Banking and Finance
KNOWLEDGE,Criminology and Criminal Justice
KNOWLEDGE,MBA - Master of Business Administration
KNOWLEDGE,Health Informatics
KNOWLEDGE,Health Care Management
KNOWLEDGE,Epidemiology
KNOWLEDGE,Communication Sciences and Disorders
KNOWLEDGE,International Master of Business Administration
KNOWLEDGE,Science Education
KNOWLEDGE,Logistics and Supply Chain Management
KNOWLEDGE,Financial Economics
KNOWLEDGE,Environmental Management
KNOWLEDGE,Counseling Psychology
KNOWLEDGE,Applied Statistics
KNOWLEDGE,Religious Studies
KNOWLEDGE,Civil and Environmental Engineering
KNOWLEDGE,Archaeology
KNOWLEDGE,Innovation and Entrepreneurship
KNOWLEDGE,Theology
KNOWLEDGE,Rehabilitation Counseling
KNOWLEDGE,Forensic Psychology
KNOWLEDGE,Liberal Studies
KNOWLEDGE,Electronics Engineering
KNOWLEDGE,International Studies
KNOWLEDGE,Animal Science
KNOWLEDGE,Food Science
KNOWLEDGE,Physician Assistant Studies
KNOWLEDGE,Educational Technology
KNOWLEDGE,Laws
KNOWLEDGE,Healthcare Administration
KNOWLEDGE,Exercise Science
KNOWLEDGE,Photography
KNOWLEDGE,Petroleum Engineering
KNOWLEDGE,Nutrition
KNOWLEDGE,Studio Art
KNOWLEDGE,Graphic Design
KNOWLEDGE,International Law
KNOWLEDGE,Real Estate
KNOWLEDGE,Science
KNOWLEDGE,International Development
KNOWLEDGE,Mental Health Counseling
KNOWLEDGE,Forensics Science
KNOWLEDGE,Applied Behavior Analysis
KNOWLEDGE,Clinical Research
KNOWLEDGE,Environmental Sciences
KNOWLEDGE,Urban and Regional Planning
KNOWLEDGE,Comparative Literature
KNOWLEDGE,International Marketing
KNOWLEDGE,Environmental Studies
KNOWLEDGE,European Studies
KNOWLEDGE,Pharmacology
KNOWLEDGE,Business and Management
KNOWLEDGE,Public Relations
KNOWLEDGE,Computing
KNOWLEDGE,Composition
KNOWLEDGE,International Human Resource Management
KNOWLEDGE,Gerontology
KNOWLEDGE,Financial Mathematics
KNOWLEDGE,Earth Sciences
KNOWLEDGE,Applied Physics
KNOWLEDGE,Medical Physics
KNOWLEDGE,Economics and Finance
KNOWLEDGE,Pharmaceutical Sciences
KNOWLEDGE,Biomedical Science
KNOWLEDGE,Global Health
KNOWLEDGE,Humanities
KNOWLEDGE,German
KNOWLEDGE,Politics
KNOWLEDGE,Latin American Studies
KNOWLEDGE,Nursing Education
KNOWLEDGE,Urban Design
KNOWLEDGE,Film Studies
KNOWLEDGE,Systems Engineering
KNOWLEDGE,Structural Engineering
KNOWLEDGE,Pharmacy
KNOWLEDGE,Marriage and Family Therapy
KNOWLEDGE,TESOL
KNOWLEDGE,Nuclear Engineering
KNOWLEDGE,Educational Administration
KNOWLEDGE,Finance and Management
KNOWLEDGE,Library and Information Science
KNOWLEDGE,Actuarial Science
KNOWLEDGE,Interior Design
KNOWLEDGE,International Banking and Finance
KNOWLEDGE,Medicine
KNOWLEDGE,Marine Science
KNOWLEDGE,Entomology
KNOWLEDGE,Literacy Education
KNOWLEDGE,International Commercial Law
KNOWLEDGE,Health Psychology
KNOWLEDGE,Digital Marketing
KNOWLEDGE,Finance and Investment
KNOWLEDGE,Music Composition
KNOWLEDGE,International Business Law
KNOWLEDGE,Religion
KNOWLEDGE,Physiotherapy
KNOWLEDGE,Technology Management
KNOWLEDGE,Physical Education
KNOWLEDGE,Astronomy
KNOWLEDGE,International Finance
KNOWLEDGE,Divinity
KNOWLEDGE,Health Sciences
KNOWLEDGE,International Affairs
KNOWLEDGE,Media
KNOWLEDGE,Financial Management
KNOWLEDGE,Geophysics
KNOWLEDGE,Robotics
KNOWLEDGE,Mathematical Sciences
KNOWLEDGE,Industrial Organizational Psychology
KNOWLEDGE,Industrial Design
KNOWLEDGE,Molecular Biology
KNOWLEDGE,Leadership
KNOWLEDGE,Geological Sciences
KNOWLEDGE,English Studies
KNOWLEDGE,Computer Science and Engineering
KNOWLEDGE,Reading Education
KNOWLEDGE,Interdisciplinary Studies
KNOWLEDGE,Materials Engineering
KNOWLEDGE,Applied Psychology
KNOWLEDGE,Materials Science
KNOWLEDGE,Instructional Technology
KNOWLEDGE,Physician Assistant
KNOWLEDGE,Advanced Computer Science
KNOWLEDGE,Visual Arts
KNOWLEDGE,Hospitality and Tourism Management
KNOWLEDGE,Geographic Information Science
KNOWLEDGE,Counselor Education
KNOWLEDGE,Dance
KNOWLEDGE,Exercise Physiology
KNOWLEDGE,Reading
KNOWLEDGE,International Hospitality Management
KNOWLEDGE,Human Resources Management
KNOWLEDGE,Genetic Counseling
KNOWLEDGE,Literature
KNOWLEDGE,Financial Engineering
KNOWLEDGE,Marine Biology
KNOWLEDGE,Fine Arts
KNOWLEDGE,Ecology
KNOWLEDGE,Translation Studies
KNOWLEDGE,Medieval Studies
KNOWLEDGE,Mathematics and Statistics
KNOWLEDGE,Higher Education Administration
KNOWLEDGE,Human Rights
KNOWLEDGE,Asian Studies
KNOWLEDGE,Media Management
KNOWLEDGE,Health
KNOWLEDGE,Physiology
KNOWLEDGE,Family Nurse Practitioner
KNOWLEDGE,Forestry
KNOWLEDGE,Educational Studies
KNOWLEDGE,Development Studies
KNOWLEDGE,Mining Engineering
KNOWLEDGE,Master of Laws
KNOWLEDGE,Music Therapy
KNOWLEDGE,Human Nutrition
KNOWLEDGE,Orthodontics
KNOWLEDGE,Digital Media
KNOWLEDGE,Musicology
KNOWLEDGE,Professional Accountancy
KNOWLEDGE,Executive Business Administration
KNOWLEDGE,International Economics
KNOWLEDGE,Quantitative Finance
KNOWLEDGE,General Management
KNOWLEDGE,International Tourism Management
KNOWLEDGE,Social Anthropology
KNOWLEDGE,Investment Management
KNOWLEDGE,Writing
KNOWLEDGE,Corporate Finance
KNOWLEDGE,Nonprofit Management
KNOWLEDGE,Toxicology
KNOWLEDGE,Tourism Management
KNOWLEDGE,Manufacturing Engineering
KNOWLEDGE,Automotive Engineering
KNOWLEDGE,Information Technology Management
KNOWLEDGE,Commerce
KNOWLEDGE,Physics and Astronomy
KNOWLEDGE,Health Promotion
KNOWLEDGE,Cultural Studies
KNOWLEDGE,Communication Disorders
KNOWLEDGE,Clinical Pharmacy
KNOWLEDGE,Public Management
KNOWLEDGE,Biochemistry and Molecular Biology
KNOWLEDGE,Technology
KNOWLEDGE,Legal Studies
KNOWLEDGE,Information Management
KNOWLEDGE,Health Economics
KNOWLEDGE,Museum Studies
KNOWLEDGE,Film
KNOWLEDGE,Gender
KNOWLEDGE,Teaching English as a Second Language
KNOWLEDGE,Master of Business Administration - Finance
KNOWLEDGE,Public History
KNOWLEDGE,Acting
KNOWLEDGE,Construction Project Management
KNOWLEDGE,Industrial Engineering and Management
KNOWLEDGE,Environment
KNOWLEDGE,Artificial Intelligence
KNOWLEDGE,Theological Studies
KNOWLEDGE,Teaching and Learning
KNOWLEDGE,Health Science
KNOWLEDGE,International Accounting and Finance
KNOWLEDGE,Analytics
KNOWLEDGE,Safety
KNOWLEDGE,Plant Biology
KNOWLEDGE,Social Studies Education
KNOWLEDGE,Agriculture
KNOWLEDGE,English Language and Literature
KNOWLEDGE,Experimental Psychology
KNOWLEDGE,Historic Preservation
KNOWLEDGE,Sustainability
KNOWLEDGE,Health Education
KNOWLEDGE,Translation
KNOWLEDGE,Health Professions Education
KNOWLEDGE,Liberal Arts
KNOWLEDGE,Social Sciences
KNOWLEDGE,Data Analytics
KNOWLEDGE,Telecommunications Engineering
KNOWLEDGE,Media Studies
KNOWLEDGE,Molecular Medicine
KNOWLEDGE,Plant Pathology
KNOWLEDGE,Innovation
KNOWLEDGE,History of Art
KNOWLEDGE,Accounting and Financial Management
KNOWLEDGE,Industrial and Systems Engineering
KNOWLEDGE,Mass Communication
KNOWLEDGE,Literacy
KNOWLEDGE,Oral Biology
KNOWLEDGE,Risk Management
KNOWLEDGE,Planning
KNOWLEDGE,Informatics
KNOWLEDGE,Microbiology and Immunology
KNOWLEDGE,Tourism
KNOWLEDGE,Nutritional Sciences
KNOWLEDGE,Women's and Gender Studies
KNOWLEDGE,Strategic Communication
KNOWLEDGE,Human-Computer Interaction
KNOWLEDGE,Divinity - Accelerated
KNOWLEDGE,Midwifery
KNOWLEDGE,Music Theory
KNOWLEDGE,Modern History
KNOWLEDGE,Environmental Health
KNOWLEDGE,Theoretical Physics
KNOWLEDGE,Urban Planning
KNOWLEDGE,Women's Studies
KNOWLEDGE,Geoscience
KNOWLEDGE,Performance
KNOWLEDGE,Theatre Arts
KNOWLEDGE,Directing
KNOWLEDGE,Public Policy and Management
KNOWLEDGE,Medicinal Chemistry
KNOWLEDGE,Advanced Mechanical Engineering
KNOWLEDGE,Arts
KNOWLEDGE,English Education
KNOWLEDGE,Early Childhood Special Education
KNOWLEDGE,Nurse Anesthesia
KNOWLEDGE,Educational Leadership and Management
KNOWLEDGE,Emergency Management
KNOWLEDGE,Clinical Exercise Physiology
KNOWLEDGE,Public Affairs
KNOWLEDGE,Sustainable Development
KNOWLEDGE,Political Economy
KNOWLEDGE,Geological Engineering
KNOWLEDGE,Urban Studies
KNOWLEDGE,Islamic Studies
KNOWLEDGE,Medical Sciences
KNOWLEDGE,Applied and Computational Mathematics
KNOWLEDGE,Inclusive Education
KNOWLEDGE,Real Estate Development
KNOWLEDGE,Ancient History
KNOWLEDGE,Bioethics
KNOWLEDGE,Strategic Management
KNOWLEDGE,International Political Economy
KNOWLEDGE,African Studies
KNOWLEDGE,Engineering Physics
KNOWLEDGE,Mental Health
KNOWLEDGE,Teaching (Secondary)
KNOWLEDGE,Industrial and Organizational Psychology
KNOWLEDGE,Organisational Psychology
KNOWLEDGE,Agricultural Education
KNOWLEDGE,Nanoscience
KNOWLEDGE,Arts Management
KNOWLEDGE,Mathematical Finance
KNOWLEDGE,Dentistry
KNOWLEDGE,Global Business
KNOWLEDGE,Adult Education
KNOWLEDGE,Animation
KNOWLEDGE,Architectural Engineering
KNOWLEDGE,Genetics
KNOWLEDGE,Public Policy and Administration
KNOWLEDGE,English Language Teaching
KNOWLEDGE,Arts Administration
KNOWLEDGE,International Business Administration
KNOWLEDGE,Painting
KNOWLEDGE,Developmental Psychology
KNOWLEDGE,Leadership and Management
KNOWLEDGE,Embedded Systems
KNOWLEDGE,Photonics
KNOWLEDGE,Food Science and Technology
KNOWLEDGE,Advanced Practice
KNOWLEDGE,Dietetics
KNOWLEDGE,Screenwriting
KNOWLEDGE,General Psychology
KNOWLEDGE,Medical Science
KNOWLEDGE,Intellectual Property Law
KNOWLEDGE,Entrepreneurship and Innovation Management
KNOWLEDGE,Energy Engineering
KNOWLEDGE,Computational Science and Engineering
KNOWLEDGE,Telecommunications
KNOWLEDGE,Classical Studies
KNOWLEDGE,Mechatronics Engineering
KNOWLEDGE,Library Science
KNOWLEDGE,Textiles
KNOWLEDGE,Climate Change
KNOWLEDGE,Bilingual Education
KNOWLEDGE,Social Research
KNOWLEDGE,Culture
KNOWLEDGE,Drama
KNOWLEDGE,Human Development and Family Studies
KNOWLEDGE,Master of Business Administration - International Management
KNOWLEDGE,Cancer Biology
KNOWLEDGE,Interior Architecture
KNOWLEDGE,Organizational Leadership
KNOWLEDGE,Global Management
KNOWLEDGE,Gender Studies
KNOWLEDGE,Nursing - Family Nurse Practitioner
KNOWLEDGE,Art and Design
KNOWLEDGE,Physiotherapy (Pre-Registration)
KNOWLEDGE,Sustainable Energy
KNOWLEDGE,Public Health (MPH)
KNOWLEDGE,Communication Design
KNOWLEDGE,International Business and Management
KNOWLEDGE,Horticulture
KNOWLEDGE,Applied Sociology
KNOWLEDGE,Nursing Administration
KNOWLEDGE,Chemical and Biochemical Engineering
KNOWLEDGE,Computational Science
KNOWLEDGE,Geosciences
KNOWLEDGE,Agricultural Economics
KNOWLEDGE,Nutrition and Dietetics
KNOWLEDGE,Mechatronics
KNOWLEDGE,International Communication
KNOWLEDGE,Plant Science
KNOWLEDGE,Teaching (Primary)
KNOWLEDGE,Health Policy
KNOWLEDGE,International Economic Law
KNOWLEDGE,German Studies
KNOWLEDGE,Applied Finance
KNOWLEDGE,Geotechnical Engineering
KNOWLEDGE,Diplomacy
KNOWLEDGE,Sculpture
KNOWLEDGE,Information Security
KNOWLEDGE,International Hospitality and Tourism Management
KNOWLEDGE,Fashion
KNOWLEDGE,Health Services Administration
KNOWLEDGE,Operations Management
KNOWLEDGE,City and Regional Planning
KNOWLEDGE,Biological Engineering
KNOWLEDGE,Physician Associate Studies
KNOWLEDGE,International Security
KNOWLEDGE,Teacher Leadership
KNOWLEDGE,Middle Eastern Studies
KNOWLEDGE,Peace and Conflict Studies
KNOWLEDGE,Research Methods in Psychology
KNOWLEDGE,Paediatric Dentistry
KNOWLEDGE,Economics and Econometrics
KNOWLEDGE,Applied Computer Science
KNOWLEDGE,Advanced Clinical Practice
KNOWLEDGE,Operations and Supply Chain Management
KNOWLEDGE,School Administration
KNOWLEDGE,East Asian Studies
KNOWLEDGE,Master of Business Administration - Accounting
KNOWLEDGE,Medical Education
KNOWLEDGE,Playwriting
MIN_EXP, 2 years
MIN_EXP, 1 year 
MIN_EXP, 3 years
MIN_EXP, 4 years
MIN_EXP, 5 years
MIN_EXP, 5+ years
MIN_EXP, 6+ years
MIN_EXP, 1 years
MIN_EXP, 1 to 2 years
MIN_EXP, 2+ years
MIN_EXP, 3+ years
MIN_EXP, 2 to 3 years
MIN_EXP, 3 to 4 years
MIN_EXP, 4 to 5 years
MIN_EXP, 5 to 6 years
MIN_EXP, 10 years
MIN_EXP, 1+ years
