ISCO,ISCO_title,SOC,SOC_title
0110,Commissioned armed forces officers,55-1011 ,Air Crew Officers
0110,Commissioned armed forces officers,55-1012 ,Aircraft Launch and Recovery Officers
0110,Commissioned armed forces officers,55-1013 ,Armored Assault Vehicle Officers
0110,Commissioned armed forces officers,55-1014 ,Artillery and Missile Officers
0110,Commissioned armed forces officers,55-1015 ,Command and Control Center Officers
0110,Commissioned armed forces officers,55-1016 ,Infantry Officers
0110,Commissioned armed forces officers,55-1017 ,Special Forces Officers
0110,Commissioned armed forces officers,55-1019 ,Military Officer Special and Tactical Operations Leaders All Other
0210,Non-commissioned armed forces officers,55-2011 ,First-Line Supervisors of Air Crew Members
0210,Non-commissioned armed forces officers,55-2012 ,First-Line Supervisors of Weapons Specialists/Crew Members
0210,Non-commissioned armed forces officers,55-2013 ,First-Line Supervisors of All Other Tactical Operations Specialists
0310,Armed forces occupations,55-3011 ,Air Crew Members
0310,Armed forces occupations,55-3012 ,Aircraft Launch and Recovery Specialists
0310,Armed forces occupations,55-3013 ,Armored Assault Vehicle Crew Members
0310,Armed forces occupations,55-3014 ,Artillery and Missile Crew Members
0310,Armed forces occupations,55-3015 ,Command and Control Center Specialists
0310,Armed forces occupations,55-3016 ,Infantry
0310,Armed forces occupations,55-3017 ,Radar and Sonar Technicians
0310,Armed forces occupations,55-3018 ,Special Forces
0310,Armed forces occupations,55-3019 ,Military Enlisted Tactical Operations and Air/Weapons Specialists and Crew Members All Other
1111,Legislators,11-1031,Legislators
1112,Senior government officials,11-1011,Chief Executives
1112,Senior government officials,11-1021,General and Operations Managers
1112,Senior government officials,11-9161,Emergency Management Directors
1113,Traditional chiefs and heads of villages,11-1011,Chief Executives
1113,Traditional chiefs and heads of villages,11-1031,Legislators
1114,Senior officials of special-interest organizations,11-1021,General and Operations Managers
1114,Senior officials of special-interest organizations,11-2031,Public Relations and Fundraising Managers
1114,Senior officials of special-interest organizations,11-9199,Managers All Other
1120,Managing directors and chief executives,11-1011,Chief Executives
1120,Managing directors and chief executives,11-1021,General and Operations Managers
1211,Finance managers,11-3031,Financial Managers
1212,Human resource managers,11-3111,Compensation and Benefits Managers
1212,Human resource managers,11-3121,Human Resources Managers
1212,Human resource managers,11-3131,Training and Development Managers
1213,Policy and planning managers,11-9199,Managers All Other
1219,Business services and administration managers not elsewhere classified,11-2031,Public Relations and Fundraising Managers
1219,Business services and administration managers not elsewhere classified,11-3011,Administrative Services Managers
1219,Business services and administration managers not elsewhere classified,11-3061,Purchasing Managers
1219,Business services and administration managers not elsewhere classified,11-9061,Funeral Service Managers
1219,Business services and administration managers not elsewhere classified,11-9131,Postmasters and Mail Superintendents
1219,Business services and administration managers not elsewhere classified,11-9199,Managers All Other
1221,Sales and marketing managers,11-2021,Marketing Managers
1221,Sales and marketing managers,11-2022,Sales Managers
1222,Advertising and public relations managers,11-2011,Advertising and Promotions Managers
1222,Advertising and public relations managers,11-2031,Public Relations and Fundraising Managers
1223,Research and development managers,11-9041,Architectural and Engineering Managers
1223,Research and development managers,11-9121,Natural Sciences Managers
1311,Agricultural and forestry production managers,11-9013,Farmers Ranchers and Other Agricultural Managers
1312,Aquaculture and fisheries production managers,11-9013,Farmers Ranchers and Other Agricultural Managers
1321,Manufacturing managers,11-3051,Industrial Production Managers
1322,Mining managers,11-9199,Managers All Other
1323,Construction managers,11-9021,Construction Managers
1324,Supply distribution and related managers,11-3071,Transportation Storage and Distribution Managers
1330,Information and communications technology service managers,11-3021,Computer and Information Systems Managers
1341,Child care services managers,11-9031,Education Administrators Preschool and Childcare Center/Program
1342,Health services managers,11-9111,Medical and Health Services Managers
1343,Aged care services managers,11-1021,General and Operations Managers
1343,Aged care services managers,11-9111,Medical and Health Services Managers
1344,Social welfare managers,11-9151,Social and Community Service Managers
1345,Education managers,11-9032,Education Administrators Elementary and Secondary School
1345,Education managers,11-9033,Education Administrators Postsecondary
1345,Education managers,11-9039,Education Administrators All Other
1346,Financial and insurance services branch managers,11-1021,General and Operations Managers
1346,Financial and insurance services branch managers,11-3031,Financial Managers
1349,Professional services managers not elsewhere classified,11-9199,Managers All Other
1411,Hotel managers,11-9081,Lodging Managers
1412,Restaurant managers,11-9051,Food Service Managers
1420,Retail and wholesale trade managers,11-1021,General and Operations Managers
1431,Sports recreation and cultural centre managers,11-9071,Gaming Managers
1431,Sports recreation and cultural centre managers,11-9199,Managers All Other
1439,Services managers not elsewhere classified,11-9199,Managers All Other
211,Physical and earth science professionals,19-2099,Physical Scientists All Other
2111,Physicists and astronomers,19-2011,Astronomers
2111,Physicists and astronomers,19-2012,Physicists
2112,Meteorologists,19-2021,Atmospheric and Space Scientists
2113,Chemists,19-2031,Chemists
2113,Chemists,19-2032,Materials Scientists
2114,Geologists and geophysicists,19-2042,Geoscientists Except Hydrologists and Geographers
2114,Geologists and geophysicists,19-2043,Hydrologist
2120,Mathematicians actuaries and statisticians,15-2011,Actuaries
2120,Mathematicians actuaries and statisticians,15-2021,Mathematicians
2120,Mathematicians actuaries and statisticians,15-2031,Operations Research Analysts
2120,Mathematicians actuaries and statisticians,15-2041,Statisticians
2120,Mathematicians actuaries and statisticians,19-3022,Survey Researchers
2131,Biologists botanists zoologists and related professionals,19-1011,Animal Scientists
2131,Biologists botanists zoologists and related professionals,19-1012,Food Scientists and Technologists
2131,Biologists botanists zoologists and related professionals,19-1013,Soil and Plant Scientists
2131,Biologists botanists zoologists and related professionals,19-1021,Biochemists and Biophysicists
2131,Biologists botanists zoologists and related professionals,19-1022,Microbiologists
2131,Biologists botanists zoologists and related professionals,19-1023,Zoologists and Wildlife Biologists
2131,Biologists botanists zoologists and related professionals,19-1029,Biological Scientists All Other
2131,Biologists botanists zoologists and related professionals,19-1041,Epidemiologists
2131,Biologists botanists zoologists and related professionals,19-1042,Medical Scientists Except Epidemiologists
2131,Biologists botanists zoologists and related professionals,19-1099,Life Scientists All Other
2132,Farming forestry and fisheries advisers,19-1013,Soil and Plant Scientists
2132,Farming forestry and fisheries advisers,19-1032,Foresters
2132,Farming forestry and fisheries advisers,25-9021,Farm and Home Management Advisors
2133,Environmental protection professionals,19-1031 ,Conservation Scientists
2133,Environmental protection professionals,19-2041 ,Environmental Scientists and Specialists Including Health
2141,Industrial and production engineers,17-2112,Industrial Engineers
2142,Civil engineers,17-2051 ,Civil Engineers
2143,Environmental engineers,17-2081,Environmental Engineers
2144,Mechanical engineers,17-2011 ,Aerospace Engineers
2144,Mechanical engineers,17-2021,Agricultural Engineers
2144,Mechanical engineers,17-2121 ,Marine Engineers and Naval Architects
2144,Mechanical engineers,17-2141 ,Mechanical Engineers
2145,Chemical engineers,17-2041,Chemical Engineers
2146,Mining engineers metallurgists and related professionals,17-2131,Materials Engineers
2146,Mining engineers metallurgists and related professionals,17-2151,Mining and Geological Engineers Including Mining Safety Engineers
2146,Mining engineers metallurgists and related professionals,17-2171,Petroleum Engineers
2146,Mining engineers metallurgists and related professionals,19-2032,Materials Scientists
2149,Engineering professionals not elsewhere classified,17-2031,Biomedical Engineers
2149,Engineering professionals not elsewhere classified,17-2111 ,Health and Safety Engineers Except Mining Safety Engineers and Inspectors
2149,Engineering professionals not elsewhere classified,17-2131,Materials Engineers
2149,Engineering professionals not elsewhere classified,17-2161,Nuclear Engineers
2149,Engineering professionals not elsewhere classified,17-2199,Engineers All Other
2151,Electrical engineers,17-2071,Electrical Engineers
2152,Electronics engineers,17-2061 ,Computer Hardware Engineers
2152,Electronics engineers,17-2072 ,Electronics Engineers Except Computer
2153,Telecommunications engineers,17-2072,Electronics Engineers Except Computer
2161,Building architects,17-1011,Architects Except Landscape and Naval
2162,Landscape architects,17-1012,Landscape Architects
2163,Product and garment designers,27-1021,Commercial and Industrial Designers
2163,Product and garment designers,27-1022 ,Fashion Designers
2163,Product and garment designers,27-1029,Designers All Other
2164,Town and traffic planners,19-3051,Urban and Regional Planners
2165,Cartographers and surveyors,17-1021,Cartographers and Photogrammetrists
2165,Cartographers and surveyors,17-1022,Surveyors
2166,Graphic and multimedia designers,27-1014 ,Multimedia Artists and Animators
2166,Graphic and multimedia designers,27-1024,Graphic Designers
2211,Generalist medical practitioners ,29-1062,Family and General Practitioners
2211,Generalist medical practitioners ,29-1063 ,Internists General
2211,Generalist medical practitioners ,29-1065,Pediatricians General
2211,Generalist medical practitioners ,29-1069,Physicians and Surgeons All Other
2212,Specialist medical practitioners ,29-1061,Anesthesiologists
2212,Specialist medical practitioners ,29-1064 ,Obstetricians and Gynecologists
2212,Specialist medical practitioners ,29-1066 ,Psychiatrists
2212,Specialist medical practitioners ,29-1067 ,Surgeons
2212,Specialist medical practitioners ,29-1069,Physicians and Surgeons All Other
2221,Nursing professionals,29-1141,Registered Nurses
2221,Nursing professionals,29-1151,Nurse Anesthetists
2221,Nursing professionals,29-1171 ,Nurse Practitioners
2222,Midwifery professionals,29-1161 ,Nurse Midwives
2230,Traditional and complementary medicine professionals,29-1199 ,Health Diagnosing and Treating Practitioners All Other
2240,Paramedical practitioners,29-1071,Physician Assistants
2250,Veterinarians,29-1131,Veterinarians
2261,Dentists,29-1021,Dentists General
2261,Dentists,29-1022,Oral and Maxillofacial Surgeons
2261,Dentists,29-1023,Orthodontists
2261,Dentists,29-1024,Prosthodontists
2261,Dentists,29-1029,Dentists All Other Specialists
2262,Pharmacists,29-1051,Pharmacists
2263,Environmental and occupational health and hygiene professionals,21-1091,Health Educators 
2263,Environmental and occupational health and hygiene professionals,29-9011 ,Occupational Health and Safety Specialists
2264,Physiotherapists ,29-1123,Physical Therapists
2264,Physiotherapists ,29-1128,Exercise Physiologists
2265,Dieticians and nutritionists,29-1031,Dietitians and Nutritionists
2266,Audiologists and speech therapists,29-1127,Speech-Language Pathologists
2266,Audiologists and speech therapists,29-1181,Audiologists
2267,Optometrists and ophthalmic opticians,29-1041,Optometrists
2269,Health professionals not elsewhere classified,29-1011 ,Chiropractors
2269,Health professionals not elsewhere classified,29-1081 ,Podiatrists
2269,Health professionals not elsewhere classified,29-1122,Occupational Therapists
2269,Health professionals not elsewhere classified,29-1125 ,Recreational Therapists
2269,Health professionals not elsewhere classified,29-1129 ,Therapists All Other
2269,Health professionals not elsewhere classified,29-1199 ,Health Diagnosing and Treating Practitioners All Other
2269,Health professionals not elsewhere classified,29-9092 ,Genetic Counselors
2310,University and higher education teachers,25-1011,Business Teachers Postsecondary
2310,University and higher education teachers,25-1021,Computer Science Teachers Postsecondary
2310,University and higher education teachers,25-1022,Mathematical Science Teachers Postsecondary
2310,University and higher education teachers,25-1031,Architecture Teachers Postsecondary
2310,University and higher education teachers,25-1032,Engineering Teachers Postsecondary
2310,University and higher education teachers,25-1041,Agricultural Sciences Teachers Postsecondary
2310,University and higher education teachers,25-1042,Biological Science Teachers Postsecondary
2310,University and higher education teachers,25-1043,Forestry and Conservation Science Teachers Postsecondary
2310,University and higher education teachers,25-1051,Atmospheric Earth Marine and Space Sciences Teachers Postsecondary
2310,University and higher education teachers,25-1052,Chemistry Teachers Postsecondary
2310,University and higher education teachers,25-1053,Environmental Science Teachers Postsecondary
2310,University and higher education teachers,25-1054,Physics Teachers Postsecondary
2310,University and higher education teachers,25-1061,Anthropology and Archeology Teachers Postsecondary
2310,University and higher education teachers,25-1062,Area Ethnic and Cultural Studies Teachers Postsecondary
2310,University and higher education teachers,25-1063,Economics Teachers Postsecondary
2310,University and higher education teachers,25-1064,Geography Teachers Postsecondary
2310,University and higher education teachers,25-1065,Political Science Teachers Postsecondary
2310,University and higher education teachers,25-1066,Psychology Teachers Postsecondary
2310,University and higher education teachers,25-1067,Sociology Teachers Postsecondary
2310,University and higher education teachers,25-1069,Social Sciences Teachers Postsecondary All Other
2310,University and higher education teachers,25-1071,Health Specialties Teachers Postsecondary
2310,University and higher education teachers,25-1072,Nursing Instructors and Teachers Postsecondary
2310,University and higher education teachers,25-1081,Education Teachers Postsecondary
2310,University and higher education teachers,25-1082,Library Science Teachers Postsecondary
2310,University and higher education teachers,25-1111,Criminal Justice and Law Enforcement Teachers Postsecondary
2310,University and higher education teachers,25-1112,Law Teachers Postsecondary
2310,University and higher education teachers,25-1113,Social Work Teachers Postsecondary
2310,University and higher education teachers,25-1121,Art Drama and Music Teachers Postsecondary
2310,University and higher education teachers,25-1122,Communications Teachers Postsecondary
2310,University and higher education teachers,25-1123,English Language and Literature Teachers Postsecondary
2310,University and higher education teachers,25-1124,Foreign Language and Literature Teachers Postsecondary
2310,University and higher education teachers,25-1125,History Teachers Postsecondary
2310,University and higher education teachers,25-1126,Philosophy and Religion Teachers Postsecondary
2310,University and higher education teachers,25-1191,Graduate Teaching Assistants
2310,University and higher education teachers,25-1192,Home Economics Teachers Postsecondary
2310,University and higher education teachers,25-1193,Recreation and Fitness Studies Teachers Postsecondary
2310,University and higher education teachers,25-1199,Postsecondary Teachers All Other
2320,Vocational education teachers,25-1194,Vocational Education Teachers Postsecondary
2320,Vocational education teachers,25-2023 ,Career/Technical Education Teachers Middle School
2320,Vocational education teachers,25-2032,Career/Technical Education Teachers Secondary School
2330,Secondary education teachers,25-2031,Secondary School Teachers Except Special and Career/Technical Education
2341,Primary school teachers,25-2021,Elementary School Teachers Except Special Education
2341,Primary school teachers,25-2022,Middle School Teachers Except Special and Career/Technical Education
2342,Early childhood educators,25-2011,Preschool Teachers Except Special Education
2342,Early childhood educators,25-2012,Kindergarten Teachers Except Special Education
2351,Education methods specialists,25-9031,Instructional Coordinators
2352,Special needs teachers,25-2051,Special Education Teachers Preschool
2352,Special needs teachers,25-2052,Special Education Teachers Kindergarten and Elementary School
2352,Special needs teachers,25-2053,Special Education Teachers Middle School
2352,Special needs teachers,25-2054,Special Education Teachers Secondary School
2352,Special needs teachers,25-2059 ,Special Education Teachers All Other
2353,Other language teachers,25-3011,Adult Basic and Secondary Education and Literacy Teachers and Instructors 
2353,Other language teachers,25-3021,Self-Enrichment Education Teachers
2353,Other language teachers,25-3099 ,Teachers and Instructors All Other
2354,Other music teachers,25-3021,Self-Enrichment Education Teachers
2355,Other arts teachers,25-3021,Self-Enrichment Education Teachers
2355,Other arts teachers,25-3099 ,Teachers and Instructors All Other
2356,Information technology trainers,13-1151 ,Training and Development Specialists
2359,Teaching professionals not elsewhere classified,21-1012 ,Educational Guidance School and Vocational Counselors
2359,Teaching professionals not elsewhere classified,25-3099,Teachers and Instructors All Other
2359,Teaching professionals not elsewhere classified,25-9099,Education Training and Library Workers All Other
2411,Accountants,13-2011,Accountants and Auditors
2411,Accountants,13-2031,Budget Analysts
2411,Accountants,13-2082,Tax Preparers
2412,Financial and investment advisers,13-2051,Financial Analysts
2412,Financial and investment advisers,13-2052,Personal Financial Advisors
2413,Financial analysts,13-2041,Credit Analysts
2413,Financial analysts,13-2051 ,Financial Analysts
2413,Financial analysts,13-2061,Financial Examiners
2421,Management and organization analysts,13-1081,Logisticians
2421,Management and organization analysts,13-1111,Management Analysts
2422,Policy administration professionals,13-1199,Business Operations Specialists All Other
2423,Personnel and careers professionals,13-1071,Human Resources Specialists
2423,Personnel and careers professionals,13-1075 ,Labor Relations Specialists
2423,Personnel and careers professionals,13-1141,Compensation Benefits and Job Analysis Specialists
2423,Personnel and careers professionals,21-1012 ,Educational Guidance School and Vocational Counselors
2424,Training and staff development professionals,13-1151 ,Training and Development Specialists
2431,Advertising and marketing professionals,13-1161,Market Research Analysts and Marketing Specialists
2431,Advertising and marketing professionals,27-3043 ,Writers and Authors
2432,Public relations professionals,27-3031 ,Public Relations Specialists
2433,Technical and medical sales professionals (excluding ICT),41-1012,First-Line Supervisors of Non-Retail Sales Workers
2433,Technical and medical sales professionals (excluding ICT),41-4011,Sales Representatives Wholesale and Manufacturing Technical and Scientific Products
2434,Information and communications technology sales professionals,41-1012,First-Line Supervisors of Non-Retail Sales Workers
2434,Information and communications technology sales professionals,41-4011,Sales Representatives Wholesale and Manufacturing Technical and Scientific Products
2434,Information and communications technology sales professionals,41-9031,Sales Engineers
2511,Systems analysts,15-1111,Computer and Information Research Scientists
2511,Systems analysts,15-1121,Computer Systems Analysts
2512,Software developers,15-1132,Software Developers Applications
2512,Software developers,15-1133,Software Developers Systems Software
2513,Web and multimedia developers,15-1134 ,Web Developers
2514,Applications programmers,15-1131,Computer Programmers
2519,Software and applications developers and analysts not elsewhere classified,15-1199,Computer Occupations All Other
2521,Database designers and administrators,15-1141,Database Administrators
2522,Systems administrators,15-1142,Network and Computer Systems Administrators
2523,Computer network professionals,15-1143 ,Computer Network Architects
2529,Database and network professionals not elsewhere classified,15-1122,Information Security Analysts
2529,Database and network professionals not elsewhere classified,15-1199,Computer Occupations All Other
2611,Lawyers,23-1011,Lawyers
2612,Judges,23-1021,Administrative Law Judges Adjudicators and Hearing Officers
2612,Judges,23-1023,Judges Magistrate Judges and Magistrates
2619,Legal professionals not elsewhere classified,23-1022,Arbitrators Mediators and Conciliators
2621,Archivists and curators,25-4011,Archivists
2621,Archivists and curators,25-4012,Curators
2622,Librarians and related information professionals,25-4021,Librarians
2622,Librarians and related information professionals,25-9011,Audio-Visual and Multimedia Collections Specialists
2631,Economists,19-3011,Economists
2632,Sociologists anthropologists and related professionals,19-3041,Sociologists
2632,Sociologists anthropologists and related professionals,19-3091,Anthropologists and Archeologists
2632,Sociologists anthropologists and related professionals,19-3092,Geographers
2633,Philosophers historians and political scientists,19-3093,Historians
2633,Philosophers historians and political scientists,19-3094,Political Scientists
2633,Philosophers historians and political scientists,19-3099,Social Scientists and Related Workers All Other
2634,Psychologists,19-3031,Clinical Counseling and School Psychologists
2634,Psychologists,19-3032,Industrial-Organizational Psychologists
2634,Psychologists,19-3039,Psychologists All Other
2635,Social work and counselling professionals,21-1011 ,Substance Abuse and Behavioral Disorder Counselors
2635,Social work and counselling professionals,21-1013 ,Marriage and Family Therapists
2635,Social work and counselling professionals,21-1014 ,Mental Health Counselors
2635,Social work and counselling professionals,21-1015 ,Rehabilitation Counselors
2635,Social work and counselling professionals,21-1019,Counselors All Other
2635,Social work and counselling professionals,21-1021,Child Family and School Social Workers
2635,Social work and counselling professionals,21-1022,Healthcare Social Workers
2635,Social work and counselling professionals,21-1023,Mental Health and Substance Abuse Social Workers
2635,Social work and counselling professionals,21-1029,Social Workers All Other
2635,Social work and counselling professionals,21-1092,Probation Officers and Correctional Treatment Specialists
2635,Social work and counselling professionals,21-1099,Community and Social Service Specialists All Other
2636,Religious professionals,21-2011,Clergy
2636,Religious professionals,21-2021 ,Directors Religious Activities and Education
2641,Authors and related writers,27-3041 ,Editors
2641,Authors and related writers,27-3042,Technical Writers
2641,Authors and related writers,27-3043,Writers and Authors
2642,Journalists,27-3022,Reporters and Correspondents
2642,Journalists,27-3041 ,Editors
2643,Translators interpreters and other linguists,19-3099 ,Social Scientists and Related Workers All Other
2643,Translators interpreters and other linguists,27-3091,Interpreters and Translators
2651,Visual artists,27-1012,Craft Artists
2651,Visual artists,27-1013,Fine Artists Including Painters Sculptors and Illustrators
2652,Musicians singers and composers,27-2041,Music Directors and Composers
2652,Musicians singers and composers,27-2042,Musicians and Singers
2653,Dancers and choreographers,27-2031,Dancers
2653,Dancers and choreographers,27-2032,Choreographers
2654,Film stage and related directors and producers,27-1011,Art Directors
2654,Film stage and related directors and producers,27-2012 ,Producers and Directors
2654,Film stage and related directors and producers,27-4032 ,Film and Video Editors
2655,Actors,27-2011,Actors
2656,Announcers on radio television and other media,27-3011,Radio and Television Announcers
2656,Announcers on radio television and other media,27-3012,Public Address System and Other Announcers
2656,Announcers on radio television and other media,27-3021,Broadcast News Analysts
2659,Creative and performing artists not elsewhere classified,27-2099,Entertainers and Performers Sports and Related Workers All Other
3111,Chemical and physical science technicians,19-4031,Chemical Technicians
3111,Chemical and physical science technicians,19-4041,Geological and Petroleum Technicians
3111,Chemical and physical science technicians,19-4099,Life Physical and Social Science Technicians All Other
3112,Civil engineering technicians,17-3022,Civil Engineering Technicians
3112,Civil engineering technicians,17-3031 ,Surveying and Mapping Technicians
3112,Civil engineering technicians,33-1021,First-Line Supervisors of Fire Fighting and Prevention Workers
3112,Civil engineering technicians,33-2021,Fire Inspectors and Investigators
3112,Civil engineering technicians,47-4011,Construction and Building Inspectors
3113,Electrical engineering technicians,17-3023,Electrical and Electronics Engineering Technicians
3113,Electrical engineering technicians,17-3024,Electro-Mechanical Technicians
3114,Electronics engineering technicians,17-3023,Electrical and Electronics Engineering Technicians
3115,Mechanical engineering technicians,17-3021,Aerospace Engineering and Operations Technicians
3115,Mechanical engineering technicians,17-3024,Electro-Mechanical Technicians
3115,Mechanical engineering technicians,17-3027,Mechanical Engineering Technicians
3115,Mechanical engineering technicians,17-3029,Engineering Technicians Except Drafters All Other
3116,Chemical engineering technicians,17-3029,Engineering Technicians Except Drafters All Other
3117,Mining and metallurgical technicians,17-3029,Engineering Technicians Except Drafters All Other
3117,Mining and metallurgical technicians,19-4041,Geological and Petroleum Technicians
3118,Draughtspersons,17-3011,Architectural and Civil Drafters
3118,Draughtspersons,17-3012,Electrical and Electronics Drafters
3118,Draughtspersons,17-3013,Mechanical Drafters
3118,Draughtspersons,17-3019,Drafters All Other
3118,Draughtspersons,27-1013 ,Fine Artists Including Painters Sculptors and Illustrators
3119,Physical and engineering science technicians not elsewhere classified,17-3025,Environmental Engineering Technicians
3119,Physical and engineering science technicians not elsewhere classified,17-3026,Industrial Engineering Technicians
3119,Physical and engineering science technicians not elsewhere classified,17-3029,Engineering Technicians Except Drafters All Other
3119,Physical and engineering science technicians not elsewhere classified,19-4051,Nuclear Technicians
3119,Physical and engineering science technicians not elsewhere classified,19-4092 ,Forensic Science Technicians
3119,Physical and engineering science technicians not elsewhere classified,19-4099,Life Physical and Social Science Technicians All Other
3119,Physical and engineering science technicians not elsewhere classified,33-1021,First-Line Supervisors of Fire Fighting and Prevention Workers
3119,Physical and engineering science technicians not elsewhere classified,33-2021,Fire Inspectors and Investigators
3119,Physical and engineering science technicians not elsewhere classified,33-2022,Forest Fire Inspectors and Prevention Specialists
3119,Physical and engineering science technicians not elsewhere classified,53-6041,Traffic Technicians
3121,Mining supervisors,47-1011 ,First-Line Supervisors of Construction Trades and Extraction Workers
3122,Manufacturing supervisors,51-1011 ,First-Line Supervisors of Production and Operating Workers
3123,Construction supervisors,47-1011,First-Line Supervisors of Construction Trades and Extraction Workers
3131,Power production plant operators,51-1011 ,First-Line Supervisors of Production and Operating Workers
3131,Power production plant operators,51-8011,Nuclear Power Reactor Operators
3131,Power production plant operators,51-8012,Power Distributors and Dispatchers
3131,Power production plant operators,51-8013,Power Plant Operators
3132,Incinerator and water treatment plant operators,51-1011 ,First-Line Supervisors of Production and Operating Workers
3132,Incinerator and water treatment plant operators,51-8031,Water and Wastewater Treatment Plant and System Operators
3132,Incinerator and water treatment plant operators,51-8099,Plant and System Operators All Other
3132,Incinerator and water treatment plant operators,53-7072,Pump Operators Except Wellhead Pumpers
3133,Chemical processing plant controllers,51-8091,Chemical Plant and System Operators
3134,Petroleum and natural gas refining plant operators,51-8092 ,Gas Plant Operators
3134,Petroleum and natural gas refining plant operators,51-8093,Petroleum Pump System Operators Refinery Operators and Gaugers
3134,Petroleum and natural gas refining plant operators,53-7071,Gas Compressor and Gas Pumping Station Operators
3134,Petroleum and natural gas refining plant operators,53-7072,Pump Operators Except Wellhead Pumpers
3135,Metal production process controllers,51-4051,Metal-Refining Furnace Operators and Tenders
3139,Process control technicians not elsewhere classified,51-4012,Computer Numerically Controlled Machine Tool Programmers Metal and Plastic
3141,Life science technicians (excluding medical),19-4021 ,Biological Technicians
3141,Life science technicians (excluding medical),19-4091,Environmental Science and Protection Technicians Including Health
3142,Agricultural technicians,19-4011,Agricultural and Food Science Technicians
3143,Forestry technicians,19-4093,Forest and Conservation Technicians
315,Ship and aircraft controllers and technicians,53-2022,Airfield Operations Specialists
3151,Ships' engineers,53-1031,First-Line Supervisors of Transportation and Material-Moving Machine and Vehicle Operators
3151,Ships' engineers,53-5031,Ship Engineers
3152,Ships' deck officers and pilots,53-1031,First-Line Supervisors of Transportation and Material-Moving Machine and Vehicle Operators
3152,Ships' deck officers and pilots,53-5021,Captains Mates and Pilots of Water Vessels
3153,Aircraft pilots and related associate professionals,53-1031,First-Line Supervisors of Transportation and Material-Moving Machine and Vehicle Operators
3153,Aircraft pilots and related associate professionals,53-2011,Airline Pilots Copilots and Flight Engineers
3153,Aircraft pilots and related associate professionals,53-2012,Commercial Pilots
3154,Air traffic controllers,53-1031,First-Line Supervisors of Transportation and Material-Moving Machine and Vehicle Operators
3154,Air traffic controllers,53-2021,Air Traffic Controllers
3155,Air traffic safety electronics technicians,17-3023,Electrical and Electronics Engineering Technicians
3211,Medical imaging and therapeutic equipment technicians,29-1124,Radiation Therapists
3211,Medical imaging and therapeutic equipment technicians,29-2032,Diagnostic Medical Sonographers
3211,Medical imaging and therapeutic equipment technicians,29-2033,Nuclear Medicine Technologists
3211,Medical imaging and therapeutic equipment technicians,29-2034,Radiologic Technologists 
3211,Medical imaging and therapeutic equipment technicians,29-2035 ,Magnetic Resonance Imaging Technologists
3212,Medical and pathology laboratory technicians ,29-2011,Medical and Clinical Laboratory Technologists
3212,Medical and pathology laboratory technicians ,29-2012,Medical and Clinical Laboratory Technicians
3213,Pharmaceutical technicians and assistants,29-2052,Pharmacy Technicians
3214,Medical and dental prosthetic technicians,29-2091 ,Orthotists and Prosthetists
3214,Medical and dental prosthetic technicians,29-2092 ,Hearing Aid Specialists
3214,Medical and dental prosthetic technicians,51-9081 ,Dental Laboratory Technicians
3214,Medical and dental prosthetic technicians,51-9082 ,Medical Appliance Technicians
3221,Nursing associate professionals,29-2061,Licensed Practical and Licensed Vocational Nurses
3222,Midwifery associate professionals,29-9099,Healthcare Practitioners and Technical Workers All Other
3230,Traditional and complementary medicine associate professionals,29-9099,Healthcare Practitioners and Technical Workers All Other
3240,Veterinary technicians and assistants,29-2056,Veterinary Technologists and Technicians
3240,Veterinary technicians and assistants,31-9096,Veterinary Assistants and Laboratory Animal Caretakers
3251,Dental assistants and therapists,29-2021,Dental Hygienists
3251,Dental assistants and therapists,31-9091,Dental Assistants
3252,Medical records and health information technicians,29-2071 ,Medical Records and Health Information Technicians
3253,Community health workers,21-1094 ,Community Health Workers
3254,Dispensing opticians,29-2081,Opticians Dispensing
3255,Physiotherapy technicians and assistants,29-1199 ,Health Diagnosing and Treating Practitioners All Other
3255,Physiotherapy technicians and assistants,31-2021,Physical Therapist Assistants
3255,Physiotherapy technicians and assistants,31-9011 ,Massage Therapists
3256,Medical assistants,29-2057,Ophthalmic Medical Technicians
3256,Medical assistants,31-9092,Medical Assistants
3257,Environmental and occupational health inspectors and associates,29-9012,Occupational Health and Safety Technicians
3257,Environmental and occupational health inspectors and associates,45-2011 ,Agricultural Inspectors
3257,Environmental and occupational health inspectors and associates,53-1031,First-Line Supervisors of Transportation and Material-Moving Machine and Vehicle Operators
3257,Environmental and occupational health inspectors and associates,53-6051,Transportation Inspectors
3258,Ambulance workers,29-2041 ,Emergency Medical Technicians and Paramedics
3259,Health associate professionals not elsewhere classified,29-1126 ,Respiratory Therapists
3259,Health associate professionals not elsewhere classified,29-2031,Cardiovascular Technologists and Technicians
3259,Health associate professionals not elsewhere classified,29-2051,Dietetic Technicians
3259,Health associate professionals not elsewhere classified,29-2053,Psychiatric Technicians
3259,Health associate professionals not elsewhere classified,29-2054,Respiratory Therapy Technicians
3259,Health associate professionals not elsewhere classified,29-2055,Surgical Technologists
3259,Health associate professionals not elsewhere classified,29-2099,Health Technologists and Technicians All Other
3259,Health associate professionals not elsewhere classified,29-9099,Healthcare Practitioners and Technical Workers All Other
3259,Health associate professionals not elsewhere classified,31-2011,Occupational Therapy Assistants
3259,Health associate professionals not elsewhere classified,31-9099,Healthcare Support Workers All Other
3311,Securities and finance dealers and brokers,41-1012,First-Line Supervisors of Non-Retail Sales Workers
3311,Securities and finance dealers and brokers,41-3031,Securities Commodities and Financial Services Sales Agents
3312,Credit and loans officers,13-2071 ,Credit Counselors
3312,Credit and loans officers,13-2072 ,Loan Officers
3313,Accounting associate professionals,43-3031,Bookkeeping Accounting and Auditing Clerks
3314,Statistical mathematical and related associate professionals,15-2091,Mathematical Technicians
3314,Statistical mathematical and related associate professionals,15-2099,Mathematical Science Occupations All Other
3314,Statistical mathematical and related associate professionals,19-4061,Social Science Research Assistants
3314,Statistical mathematical and related associate professionals,43-9111,Statistical Assistants
3315,Valuers and loss assessors,13-1031,Claims Adjusters Examiners and Investigators
3315,Valuers and loss assessors,13-1032,Insurance Appraisers Auto Damage
3315,Valuers and loss assessors,13-2021,Appraisers and Assessors of Real Estate
3321,Insurance representatives,13-2053,Insurance Underwriters
3321,Insurance representatives,41-1012,First-Line Supervisors of Non-Retail Sales Workers
3321,Insurance representatives,41-3021,Insurance Sales Agents
3322,Commercial sales representatives,41-1012,First-Line Supervisors of Non-Retail Sales Workers
3322,Commercial sales representatives,41-3099 ,Sales Representatives Services All Other
3322,Commercial sales representatives,41-4011 ,Sales Representatives Wholesale and Manufacturing Technical and Scientific Products
3322 ,Commercial sales representatives,41-4012 ,Sales Representatives Wholesale and Manufacturing Except Technical and Scientific Products
3323,Buyers,13-1021,Buyers and Purchasing Agents Farm Products
3323,Buyers,13-1022,Wholesale and Retail Buyers Except Farm Products
3323,Buyers,13-1023,Purchasing Agents Except Wholesale Retail and Farm Products
3324,Trade brokers,41-1012,First-Line Supervisors of Non-Retail Sales Workers
3324,Trade brokers,41-3031,Securities Commodities and Financial Services Sales Agents
3324,Trade brokers,43-5011 ,Cargo and Freight Agents
3331,Clearing and forwarding agents,43-5011 ,Cargo and Freight Agents
3331,Clearing and forwarding agents,43-5071 ,Shipping Receiving and Traffic Clerks
3332,Conference and event planners,13-1121,Meeting Convention and Event Planners
3333,Employment agents and contractors,13-1071,Human Resources Specialists
3333,Employment agents and contractors,13-1074 ,Farm Labor Contractors
3334,Real estate agents and property managers,11-9141,Property Real Estate and Community Association Managers
3334,Real estate agents and property managers,41-1012,First-Line Supervisors of Non-Retail Sales Workers
3334,Real estate agents and property managers,41-9021,Real Estate Brokers
3334,Real estate agents and property managers,41-9022,Real Estate Sales Agents
3339,Business services agents not elsewhere classified,13-1011 ,Agents and Business Managers of Artists Performers and Athletes
3339,Business services agents not elsewhere classified,13-1051,Cost Estimators
3339,Business services agents not elsewhere classified,13-1199,Business Operations Specialists All Other
3339,Business services agents not elsewhere classified,13-2099,Financial Specialists All Other
3339,Business services agents not elsewhere classified,41-1012,First-Line Supervisors of Non-Retail Sales Workers
3339,Business services agents not elsewhere classified,41-3011,Advertising Sales Agents
3339,Business services agents not elsewhere classified,41-3041,Travel Agents
3339,Business services agents not elsewhere classified,41-9099 ,Sales and Related Workers All Other
3341,Office supervisors,43-1011 ,First-Line Supervisors of Office and Administrative Support Workers
3342,Legal secretaries,43-6012,Legal Secretaries
3343,Administrative and executive secretaries,23-2091,Court Reporters
3343,Administrative and executive secretaries,43-6011,Executive Secretaries and Executive Administrative Assistants
3344,Medical secretaries,31-9094,Medical Transcriptionists
3344,Medical secretaries,43-6013,Medical Secretaries
3351,Customs and border inspectors,13-1041,Compliance Officers
3351,Customs and border inspectors,33-1012,First-Line Supervisors of Police and Detectives
3351,Customs and border inspectors,33-3051,Police and Sheriff's Patrol Officers
3352,Government tax and excise officials,13-2081,Tax Examiners and Collectors and Revenue Agents
3353,Government social benefits officials,13-1041,Compliance Officers
3353,Government social benefits officials,43-4061,Eligibility Interviewers Government Programs
3354,Government licensing officials,13-1041,Compliance Officers
3354,Government licensing officials,43-4031,Court Municipal and License Clerks
3355,Police inspectors and detectives,33-1012,First-Line Supervisors of Police and Detectives
3355,Police inspectors and detectives,33-3021,Detectives and Criminal Investigators
3359,Regulatory government associate professionals not elsewhere classified,45-2011 ,Agricultural Inspectors
3411,Legal and related associate professionals,23-1012,Judicial Law Clerks
3411,Legal and related associate professionals,23-2011,Paralegals and Legal Assistants
3411,Legal and related associate professionals,23-2093,Title Examiners Abstractors and Searchers
3411,Legal and related associate professionals,23-2099,Legal Support Workers All Other
3411,Legal and related associate professionals,33-3011 ,Bailiffs
3411,Legal and related associate professionals,33-9021,Private Detectives and Investigators
3411,Legal and related associate professionals,33-9031,Gaming Surveillance Officers and Gaming Investigators
3412,Social work associate professionals,21-1093,Social and Human Service Assistants
3413,Religious associate professionals,21-2099,Religious Workers All Other
3421,Athletes and sports players,27-2021,Athletes and Sports Competitors
3422,Sports coaches instructors and officials,25-3021 ,Self-Enrichment Education Teachers
3422,Sports coaches instructors and officials,27-2022,Coaches and Scouts
3422,Sports coaches instructors and officials,27-2023,Umpires Referees and Other Sports Officials
3423,Fitness and recreation instructors and program leaders,25-3021 ,Self-Enrichment Education Teachers
3423,Fitness and recreation instructors and program leaders,29-9091,Athletic Trainers
3423,Fitness and recreation instructors and program leaders,39-1021 ,First-Line Supervisors of Personal Service Workers
3423,Fitness and recreation instructors and program leaders,39-9031,Fitness Trainers and Aerobics Instructors
3431,Photographers,27-4021,Photographers
3432,Interior designers and decorators,27-1025,Interior Designers
3432,Interior designers and decorators,27-1026 ,Merchandise Displayers and Window Trimmers
3432,Interior designers and decorators,27-1027,Set and Exhibit Designers
3433,Gallery museum and library technicians,25-4013 ,Museum Technicians and Conservators
3433,Gallery museum and library technicians,25-4031 ,Library Technicians
3433,Gallery museum and library technicians,27-1012 ,Craft Artists
3434,Chefs,35-1011,Chefs and Head Cooks
3434,Chefs,35-1012,First-Line Supervisors of Food Preparation and Serving Workers
3435,Other artistic and cultural associate professionals,27-1019 ,Artists and Related Workers All Other
3435,Other artistic and cultural associate professionals,27-2099,Entertainers and Performers Sports and Related Workers All Other
3435,Other artistic and cultural associate professionals,27-3099,Media and Communication Workers All Other
3435,Other artistic and cultural associate professionals,27-4099 ,Media and Communication Equipment Workers All Other
3435,Other artistic and cultural associate professionals,39-3092,Costume Attendants
3435,Other artistic and cultural associate professionals,39-3099 ,Entertainment Attendants and Related Workers All Other
3511,Information and communications technology operations technicians,43-9011,Computer Operators
3512,Information and communications technology user support technicians,15-1151 ,Computer User Support Specialists
3513,Computer network and systems technicians,15-1152 ,Computer Network Support Specialists
3514,Web technicians,15-1134 ,Web Developers
3514,Web technicians,15-1142,Network and Computer Systems Administrators
3521,Broadcasting and audio-visual technicians,27-4011,Audio and Video Equipment Technicians
3521,Broadcasting and audio-visual technicians,27-4012 ,Broadcast Technicians
3521,Broadcasting and audio-visual technicians,27-4013 ,Radio Operators
3521,Broadcasting and audio-visual technicians,27-4014 ,Sound Engineering Technicians
3521,Broadcasting and audio-visual technicians,27-4031,Camera Operators Television Video and Motion Picture
3521,Broadcasting and audio-visual technicians,27-4099 ,Media and Communication Equipment Workers All Other
3522,Telecommunications engineering technicians,17-3023,Electrical and Electronics Engineering Technicians
4110,General office clerks,43-3061,Procurement Clerks
4110,General office clerks,43-9061 ,Office Clerks General
4120,Secretaries (general),43-6014,Secretaries and Administrative Assistants Except Legal Medical and Executive
4131,Typists and word processing operators,43-9022,Word Processors and Typists
4132,Data entry clerks,43-9021,Data Entry Keyers
4211,Bank tellers and related clerks,43-3071,Tellers
4211,Bank tellers and related clerks,43-5051 ,Postal Service Clerks
4212,Bookmakers croupiers and related gaming workers,39-1011,Gaming Supervisors
4212,Bookmakers croupiers and related gaming workers,39-1012,Slot Supervisors
4212,Bookmakers croupiers and related gaming workers,39-3011,Gaming Dealers
4212,Bookmakers croupiers and related gaming workers,39-3012,Gaming and Sports Book Writers and Runners
4212,Bookmakers croupiers and related gaming workers,39-3019,Gaming Service Workers All Other
4212,Bookmakers croupiers and related gaming workers,43-3041,Gaming Cage Workers
4213,Pawnbrokers and money-lenders,41-9099 ,Sales and Related Workers All Other
4213,Pawnbrokers and money-lenders,43-3099 ,Financial Clerks All Other
4214,Debt-collectors and related workers,13-1131 ,Fundraisers
4214,Debt-collectors and related workers,43-3011,Bill and Account Collectors
4221,Travel consultants and clerks,41-1012,First-Line Supervisors of Non-Retail Sales Workers
4221,Travel consultants and clerks,41-3041,Travel Agents
4221,Travel consultants and clerks,43-4181,Reservation and Transportation Ticket Agents and Travel Clerks
4222,Contact centre information clerks,43-4051,Customer Service Representatives
4222,Contact centre information clerks,43-4171 ,Receptionists and Information Clerks
4223,Telephone switchboard operators,43-2011 ,Switchboard Operators Including Answering Service
4223,Telephone switchboard operators,43-2021,Telephone Operators
4224,Hotel receptionists,39-6012 ,Concierges
4224,Hotel receptionists,43-4081,Hotel Motel and Resort Desk Clerks
4225,Enquiry clerks,43-4021 ,Correspondence Clerks
4225,Enquiry clerks,43-4171,Receptionists and Information Clerks
4226,Receptionists (general),43-4171,Receptionists and Information Clerks
4227,Survey and market research interviewers,43-4111 ,Interviewers Except Eligibility and Loan
4229,Client information workers not elsewhere classified,43-2099,Communications Equipment Operators All Other
4229,Client information workers not elsewhere classified,43-4061 ,Eligibility Interviewers Government Programs
4229,Client information workers not elsewhere classified,43-4199 ,Information and Record Clerks All Other
4311,Accounting and bookkeeping clerks,43-3021 ,Billing and Posting Clerks
4311,Accounting and bookkeeping clerks,43-3031,Bookkeeping Accounting and Auditing Clerks
4312,Statistical finance and insurance clerks,43-3099 ,Financial Clerks All Other
4312,Statistical finance and insurance clerks,43-4011,Brokerage Clerks
4312,Statistical finance and insurance clerks,43-4041,Credit Authorizers Checkers and Clerks
4312,Statistical finance and insurance clerks,43-4131 ,Loan Interviewers and Clerks
4312,Statistical finance and insurance clerks,43-4141,New Accounts Clerks
4312,Statistical finance and insurance clerks,43-9041 ,Insurance Claims and Policy Processing Clerks
4313,Payroll clerks,43-3051,Payroll and Timekeeping Clerks
4321,Stock clerks,43-5071 ,Shipping Receiving and Traffic Clerks
4321,Stock clerks,43-5081 ,Stock Clerks and Order Fillers
4321,Stock clerks,43-5111,Weighers Measurers Checkers and Samplers Recordkeeping
4322,Production clerks,43-5061 ,Production Planning and Expediting Clerks
4323,Transport clerks,43-5032,Dispatchers Except Police Fire and Ambulance
4411,Library clerks,25-4031 ,Library Technicians
4411,Library clerks,43-4121,Library Assistants Clerical
4412,Mail carriers and sorting clerks,43-5021,Couriers and Messengers
4412,Mail carriers and sorting clerks,43-5051,Postal Service Clerks
4412,Mail carriers and sorting clerks,43-5052,Postal Service Mail Carriers
4412,Mail carriers and sorting clerks,43-5053,Postal Service Mail Sorters Processors and Processing Machine Operators
4412,Mail carriers and sorting clerks,43-9051,Mail Clerks and Mail Machine Operators Except Postal Service
4413,Coding proof-reading and related clerks,43-9081,Proofreaders and Copy Markers
4414,Scribes and related workers,39-1021 ,First-Line Supervisors of Personal Service Workers
4414,Scribes and related workers,39-9021 ,Personal Care Aides
4415,Filing and copying clerks,43-4071,File Clerks
4415,Filing and copying clerks,43-9071 ,Office Machine Operators Except Computer
4416,Personnel clerks,43-4161 ,Human Resources Assistants Except Payroll and Timekeeping
4419,Clerical support workers not elsewhere classified,43-4021 ,Correspondence Clerks
4419,Clerical support workers not elsewhere classified,43-4151,Order Clerks
4419,Clerical support workers not elsewhere classified,43-4199 ,Information and Record Clerks All Other
4419,Clerical support workers not elsewhere classified,43-9199 ,Office and Administrative Support Workers All Other
5111,Travel attendants and travel stewards,53-1031,First-Line Supervisors of Transportation and Material-Moving Machine and Vehicle Operators
5111,Travel attendants and travel stewards,53-2031,Flight Attendants
5111,Travel attendants and travel stewards,53-6061,Transportation Attendants Except Flight Attendants 
5112,Transport conductors,53-1031,First-Line Supervisors of Transportation and Material-Moving Machine and Vehicle Operators
5112,Transport conductors,53-6061,Transportation Attendants Except Flight Attendants 
5113,Travel guides,39-1021 ,First-Line Supervisors of Personal Service Workers
5113,Travel guides,39-7011,Tour Guides and Escorts
5113,Travel guides,39-7012,Travel Guides
5120,Cooks,35-1012,First-Line Supervisors of Food Preparation and Serving Workers
5120,Cooks,35-2012,Cooks Institution and Cafeteria
5120,Cooks,35-2013,Cooks Private Household
5120,Cooks,35-2014,Cooks Restaurant
5120,Cooks,35-2015,Cooks Short Order
5120,Cooks,35-2019,Cooks All Other
5131,Waiters,35-3031 ,Waiters and Waitresses
5131,Waiters,35-3041 ,Food Servers Nonrestaurant
5132,Bartenders,35-3011,Bartenders
5141,Hairdressers,39-1021 ,First-Line Supervisors of Personal Service Workers
5141,Hairdressers,39-5011,Barbers
5141,Hairdressers,39-5012,Hairdressers Hairstylists and Cosmetologists
5142,Beauticians and related workers,39-1021 ,First-Line Supervisors of Personal Service Workers
5142,Beauticians and related workers,39-5012,Hairdressers Hairstylists and Cosmetologists
5142,Beauticians and related workers,39-5091,Makeup Artists Theatrical and Performance
5142,Beauticians and related workers,39-5092,Manicurists and Pedicurists
5142,Beauticians and related workers,39-5093,Shampooers
5142,Beauticians and related workers,39-5094,Skincare Specialists
5151,Cleaning and housekeeping supervisors in offices hotels and other establishments,37-1011 ,First-Line Supervisors of Housekeeping and Janitorial Workers
5152,Domestic housekeepers,37-1011 ,First-Line Supervisors of Housekeeping and Janitorial Workers
5152,Domestic housekeepers,39-9099 ,Personal Care and Service Workers All Other
5153,Building caretakers,37-2011,Janitors and Cleaners Except Maids and Housekeeping Cleaners
5161,Astrologers fortune-tellers and related workers,27-2099,Entertainers and Performers Sports and Related Workers All Other
5162,Companions and valets,39-1021 ,First-Line Supervisors of Personal Service Workers
5162,Companions and valets,39-9021 ,Personal Care Aides
5162,Companions and valets,39-9099,Personal Care and Service Workers All Other
5163,Undertakers and embalmers,39-4011,Embalmers
5163,Undertakers and embalmers,39-4021,Funeral Attendants
5163,Undertakers and embalmers,39-4031,Morticians Undertakers and Funeral Directors
5164,Pet groomers and animal care workers,31-9096,Veterinary Assistants and Laboratory Animal Caretakers
5164,Pet groomers and animal care workers,39-1021 ,First-Line Supervisors of Personal Service Workers
5164,Pet groomers and animal care workers,39-2011 ,Animal Trainers
5164,Pet groomers and animal care workers,39-2021 ,Nonfarm Animal Caretakers
5165,Driving instructors,25-3021 ,Self-Enrichment Education Teachers
5169,Personal services workers not elsewhere classified,35-9031,Hosts and Hostesses Restaurant Lounge and Coffee Shop
5169,Personal services workers not elsewhere classified,39-9099,Personal Care and Service Workers All Other
5169 ,Personal services workers not elsewhere classified,39-1021 ,First-Line Supervisors of Personal Service Workers
5169 ,Personal services workers not elsewhere classified,39-9032,Recreation Workers
5169 ,Personal services workers not elsewhere classified,39-9041,Residential Advisors
5211,Stall and market salespersons,41-9091,Door-to-Door Sales Workers News and Street Vendors and Related Workers
5212,Street food salespersons,35-3041,Food Servers Nonrestaurant
5212,Street food salespersons,41-9091,Door-to-Door Sales Workers News and Street Vendors and Related Workers
5221,Shopkeepers,11-1021,General and Operations Managers
5222,Shop supervisors,41-1011,First-Line Supervisors of Retail Sales Workers
5223,Shop sales assistants,41-2022,Parts Salespersons
5223,Shop sales assistants,41-2031,Retail Salespersons
5230,Cashiers and ticket clerks,41-2011 ,Cashiers
5230,Cashiers and ticket clerks,41-2012,Gaming Change Persons and Booth Cashiers
5241,Fashion and other models,41-9012,Models
5242,Sales demonstrators,41-9011 ,Demonstrators and Product Promoters
5243,Door to door salespersons,41-9091,Door-to-Door Sales Workers News and Street Vendors and Related Workers
5244,Contact centre salespersons,41-9041,Telemarketers
5245,Service station attendants,53-1031,First-Line Supervisors of Transportation and Material-Moving Machine and Vehicle Operators
5245,Service station attendants,53-6031 ,Automotive and Watercraft Service Attendants
5246,Food service counter attendants,35-3021,Combined Food Preparation and Serving Workers Including Fast Food
5246,Food service counter attendants,35-3022 ,Counter Attendants Cafeteria Food Concession and Coffee Shop
5246,Food service counter attendants,35-9011 ,Dining Room and Cafeteria Attendants and Bartender Helpers
5249,Sales workers not elsewhere classified,41-2021,Counter and Rental Clerks
5249,Sales workers not elsewhere classified,41-9099 ,Sales and Related Workers All Other
5311,Child care workers,39-1021 ,First-Line Supervisors of Personal Service Workers
5311,Child care workers,39-9011,Childcare Workers
5312,Teachers' aides,25-9041 ,Teacher Assistants
5321,Health care assistants,31-1013 ,Psychiatric Aides
5321,Health care assistants,31-1014 ,Nursing Assistants
5322,Home-based personal care workers,31-1011,Home Health Aides
5322,Home-based personal care workers,39-1021 ,First-Line Supervisors of Personal Service Workers
5322,Home-based personal care workers,39-9021,Personal Care Aides
5329,Personal care workers in health services not elsewhere classified,31-1015 ,Orderlies
5329,Personal care workers in health services not elsewhere classified,31-2012,Occupational Therapy Aides
5329,Personal care workers in health services not elsewhere classified,31-2022 ,Physical Therapist Aides
5329,Personal care workers in health services not elsewhere classified,31-9091,Dental Assistants
5329,Personal care workers in health services not elsewhere classified,31-9093 ,Medical Equipment Preparers
5329,Personal care workers in health services not elsewhere classified,31-9095 ,Pharmacy Aides
5329,Personal care workers in health services not elsewhere classified,31-9097 ,Phlebotomists
5329,Personal care workers in health services not elsewhere classified,31-9099,Healthcare Support Workers All Other
5411,Fire-fighters,33-1021,First-Line Supervisors of Fire Fighting and Prevention Workers
5411,Fire-fighters,33-2011,Firefighters
5412,Police officers,33-1012,First-Line Supervisors of Police and Detectives
5412,Police officers,33-3051,Police and Sheriff's Patrol Officers
5412,Police officers,33-3052,Transit and Railroad Police
5413,Prison guards,33-1011,First-Line Supervisors of Correctional Officers
5413,Prison guards,33-3012,Correctional Officers and Jailers
5414,Security guards,33-1099,First-Line Supervisors of Protective Service Workers All Other
5414,Security guards,33-9031,Gaming Surveillance Officers and Gaming Investigators
5414,Security guards,33-9032,Security Guards
5414,Security guards,33-9093 ,Transportation Security Screeners
5419,Protective services workers not elsewhere classified,33-1099,First-Line Supervisors of Protective Service Workers All Other
5419,Protective services workers not elsewhere classified,33-3031,Fish and Game Wardens
5419,Protective services workers not elsewhere classified,33-3041,Parking Enforcement Workers
5419,Protective services workers not elsewhere classified,33-9011 ,Animal Control Workers
5419,Protective services workers not elsewhere classified,33-9091,Crossing Guards
5419,Protective services workers not elsewhere classified,33-9092,Lifeguards Ski Patrol and Other Recreational Protective Service Workers
5419,Protective services workers not elsewhere classified,33-9099,Protective Service Workers All Other
5419,Protective services workers not elsewhere classified,43-5031,Police Fire and Ambulance Dispatchers
6111,Field crop and vegetable growers,45-1011,First-Line Supervisors of Farming Fishing and Forestry Workers
6111,Field crop and vegetable growers,45-2091,Agricultural Equipment Operators
6112,Tree and shrub crop growers,45-1011,First-Line Supervisors of Farming Fishing and Forestry Workers
6112,Tree and shrub crop growers,45-2091,Agricultural Equipment Operators
6113,Gardeners horticultural and nursery growers,37-1012,First-line Supervisor of Landscaping Lawn Service and Groundskeeping Workers
6113,Gardeners horticultural and nursery growers,37-3013 ,Tree Trimmers and Pruners
6113,Gardeners horticultural and nursery growers,45-2091,Agricultural Equipment Operators
6114,Mixed crop growers,45-1011,First-Line Supervisors of Farming Fishing and Forestry Workers
6114,Mixed crop growers,45-2091,Agricultural Equipment Operators
6121,Livestock and dairy producers,45-1011,First-Line Supervisors of Farming Fishing and Forestry Workers
6121,Livestock and dairy producers,45-2021,Animal Breeders
6122,Poultry producers,45-1011,First-Line Supervisors of Farming Fishing and Forestry Workers
6122,Poultry producers,45-2021,Animal Breeders
6123,Apiarists and sericulturists,45-1011,First-Line Supervisors of Farming Fishing and Forestry Workers
6123,Apiarists and sericulturists,45-2021,Animal Breeders
6129,Animal producers not elsewhere classified,45-1011,First-Line Supervisors of Farming Fishing and Forestry Workers
6129,Animal producers not elsewhere classified,45-2021,Animal Breeders
6130,Mixed crop and animal producers,45-1011,First-Line Supervisors of Farming Fishing and Forestry Workers
6130,Mixed crop and animal producers,45-2021,Animal Breeders
6130,Mixed crop and animal producers,45-2091,Agricultural Equipment Operators
6210,Forestry and related workers,45-1011,First-Line Supervisors of Farming Fishing and Forestry Workers
6210,Forestry and related workers,45-4011,Forest and Conservation Workers
6210,Forestry and related workers,45-4021,Fallers
6210,Forestry and related workers,45-4022,Logging Equipment Operators
6210,Forestry and related workers,45-4023,Log Graders and Scalers
6210,Forestry and related workers,45-4029,Logging Workers All Other
6221,Aquaculture workers,45-1011,First-Line Supervisors of Farming Fishing and Forestry Workers
6221,Aquaculture workers,45-2021,Animal Breeders
6222,Inland and coastal waters fishery workers,45-1011,First-Line Supervisors of Farming Fishing and Forestry Workers
6222,Inland and coastal waters fishery workers,45-3011,Fishers and Related Fishing Workers
6223,Deep-sea fishery workers,45-1011,First-Line Supervisors of Farming Fishing and Forestry Workers
6223,Deep-sea fishery workers,45-3011,Fishers and Related Fishing Workers
6224,Hunters and trappers,45-1011,First-Line Supervisors of Farming Fishing and Forestry Workers
6224,Hunters and trappers,45-3021,Hunters and Trappers
6310,Subsistence crop farmers,45-2092,Farmworkers and Laborers Crop Nursery and Greenhouse
6320,Subsistence livestock farmers,45-2093,Farmworkers Farm Ranch and Aquacultural Animals
6330,Subsistence mixed crop and livestock farmers,45-2092,Farmworkers and Laborers Crop Nursery and Greenhouse
6330,Subsistence mixed crop and livestock farmers,45-2093,Farmworkers Farm Ranch and Aquacultural Animals
6340,Subsistence fishers hunters trappers and gatherers,45-3011,Fishers and Related Fishing Workers
6340,Subsistence fishers hunters trappers and gatherers,45-3021,Hunters and Trappers
7111,House builders,11-9021,Construction Managers
7112,Bricklayers and related workers,47-2021,Brickmasons and Blockmasons
7112,Bricklayers and related workers,49-9045,Refractory Materials Repairers Except Brickmasons
7113,Stonemasons stone cutters splitters and carvers,47-2022,Stonemasons
7113,Stonemasons stone cutters splitters and carvers,47-4091 ,Segmental Pavers
7114,Concrete placers concrete finishers and related workers,47-2051,Cement Masons and Concrete Finishers
7114,Concrete placers concrete finishers and related workers,47-2053,Terrazzo Workers and Finishers
7114,Concrete placers concrete finishers and related workers,47-4091,Segmental Pavers
7115,Carpenters and joiners,47-2031,Carpenters
7119,Building frame and related trades workers not elsewhere classified,47-2231,Solar Photovoltaic Installers
7119,Building frame and related trades workers not elsewhere classified,47-4031,Fence Erectors
7119,Building frame and related trades workers not elsewhere classified,47-4041,Hazardous Materials Removal Workers
7119,Building frame and related trades workers not elsewhere classified,47-4099,Construction and Related Workers All Other
7119,Building frame and related trades workers not elsewhere classified,49-9095,Manufactured Building and Mobile Home Installers
7121,Roofers,47-2181 ,Roofers
7122,Floor layers and tile setters,47-2041,Carpet Installers
7122,Floor layers and tile setters,47-2042,Floor Layers Except Carpet Wood and Hard Tiles
7122,Floor layers and tile setters,47-2043,Floor Sanders and Finishers
7122,Floor layers and tile setters,47-2044,Tile and Marble Setters
7123,Plasterers,47-2081,Drywall and Ceiling Tile Installers
7123,Plasterers,47-2082,Tapers
7123,Plasterers,47-2161,Plasterers and Stucco Masons
7124,Insulation workers,47-2131,Insulation Workers Floor Ceiling and Wall
7124,Insulation workers,47-2132,Insulation Workers Mechanical
7125,Glaziers,47-2121,Glaziers
7126,Plumbers and pipe fitters,47-2151,Pipelayers
7126,Plumbers and pipe fitters,47-2152,Plumbers Pipefitters and Steamfitters
7127,Air conditioning and refrigeration mechanics,49-1011,First-Line Supervisors of Mechanics Installers and Repairers
7127,Air conditioning and refrigeration mechanics,49-9021 ,Heating Air Conditioning and Refrigeration Mechanics and Installers
7131,Painters and related workers,47-2141,Painters Construction and Maintenance
7131,Painters and related workers,47-2142,Paperhangers
7132,Spray painters and varnishers,51-9121 ,Coating Painting and Spraying Machine Setters Operators and Tenders
7132,Spray painters and varnishers,51-9122,Painters Transportation Equipment
7133,Building structure cleaners,37-2019,Building Cleaning Workers All Other
7211,Metal moulders and coremakers,51-4071,Foundry Mold and Coremakers
7211,Metal moulders and coremakers,51-4072 ,Molding Coremaking and Casting Machine Setters Operators and Tenders Metal and Plastic
7212,Welders and flamecutters,51-4121,Welders Cutters Solderers and Brazers
7212,Welders and flamecutters,51-4122 ,Welding Soldering and Brazing Machine Setters Operators and Tenders
7213,Sheet-metal workers,47-2011,Boilermakers
7213,Sheet-metal workers,47-2211,Sheet Metal Workers
7213,Sheet-metal workers,51-4192,Layout Workers Metal and Plastic
7214,Structural-metal preparers and erectors,47-2171,Reinforcing Iron and Rebar Workers
7214,Structural-metal preparers and erectors,47-2221,Structural Iron and Steel Workers
7214,Structural-metal preparers and erectors,51-2041,Structural Metal Fabricators and Fitters
7215,Riggers and cable splicers,49-9096,Riggers
7221,Blacksmiths hammersmiths and forging press workers,51-4022 ,Forging Machine Setters Operators and Tenders Metal and Plastic
7221,Blacksmiths hammersmiths and forging press workers,51-4199 ,Metal Workers and Plastic Workers All Other
7222,Toolmakers and related workers,49-9094,Locksmiths and Safe Repairers
7222,Toolmakers and related workers,51-4012,Computer Numerically Controlled Machine Tool Programmers Metal and Plastic
7222,Toolmakers and related workers,51-4061 ,Model Makers Metal and Plastic
7222,Toolmakers and related workers,51-4062 ,Patternmakers Metal and Plastic
7222,Toolmakers and related workers,51-4111,Tool and Die Makers
7222,Toolmakers and related workers,51-4192,Layout Workers Metal and Plastic
7223,Metal working machine tool setters and operators,51-4011,Computer-Controlled Machine Tool Operators Metal and Plastic
7223,Metal working machine tool setters and operators,51-4021,Extruding and Drawing Machine Setters Operators and Tenders Metal and Plastic
7223,Metal working machine tool setters and operators,51-4022,Forging Machine Setters Operators and Tenders Metal and Plastic
7223,Metal working machine tool setters and operators,51-4023,Rolling Machine Setters Operators and Tenders Metal and Plastic
7223,Metal working machine tool setters and operators,51-4031,Cutting Punching and Press Machine Setters Operators and Tenders Metal and Plastic
7223,Metal working machine tool setters and operators,51-4032,Drilling and Boring Machine Tool Setters Operators and Tenders Metal and Plastic
7223,Metal working machine tool setters and operators,51-4033,Grinding Lapping Polishing and Buffing Machine Tool Setters Operators and Tenders Metal and Plastic
7223,Metal working machine tool setters and operators,51-4034,Lathe and Turning Machine Tool Setters Operators and Tenders Metal and Plastic
7223,Metal working machine tool setters and operators,51-4035,Milling and Planing Machine Setters Operators and Tenders Metal and Plastic
7223,Metal working machine tool setters and operators,51-4041,Machinists
7223,Metal working machine tool setters and operators,51-4081,Multiple Machine Tool Setters Operators and Tenders Metal and Plastic
7223,Metal working machine tool setters and operators,51-4199,Metal Workers and Plastic Workers All Other
7224,Metal polishers wheel grinders and tool sharpeners,51-4194,Tool Grinders Filers and Sharpeners
7224,Metal polishers wheel grinders and tool sharpeners,51-9022,Grinding and Polishing Workers Hand
7231,Motor vehicle mechanics and repairers,49-1011,First-Line Supervisors of Mechanics Installers and Repairers
7231,Motor vehicle mechanics and repairers,49-3021,Automotive Body and Related Repairers
7231,Motor vehicle mechanics and repairers,49-3022,Automotive Glass Installers and Repairers
7231,Motor vehicle mechanics and repairers,49-3023 ,Automotive Service Technicians and Mechanics
7231,Motor vehicle mechanics and repairers,49-3031,Bus and Truck Mechanics and Diesel Engine Specialists
7231,Motor vehicle mechanics and repairers,49-3051,Motorboat Mechanics and Service Technicians
7231,Motor vehicle mechanics and repairers,49-3052,Motorcycle Mechanics
7231,Motor vehicle mechanics and repairers,49-3053 ,Outdoor Power Equipment and Other Small Engine Mechanics
7231,Motor vehicle mechanics and repairers,49-3092,Recreational Vehicle Service Technicians
7231,Motor vehicle mechanics and repairers,49-3093,Tire Repairers and Changers
7232,Aircraft engine mechanics and repairers,49-1011,First-Line Supervisors of Mechanics Installers and Repairers
7232,Aircraft engine mechanics and repairers,49-3011,Aircraft Mechanics and Service Technicians
7233,Agricultural and industrial machinery mechanics and repairers,49-1011,First-Line Supervisors of Mechanics Installers and Repairers
7233,Agricultural and industrial machinery mechanics and repairers,49-3041 ,Farm Equipment Mechanics and Service Technicians
7233,Agricultural and industrial machinery mechanics and repairers,49-3042,Mobile Heavy Equipment Mechanics Except Engines
7233,Agricultural and industrial machinery mechanics and repairers,49-3043 ,Rail Car Repairers
7233,Agricultural and industrial machinery mechanics and repairers,49-9041 ,Industrial Machinery Mechanics
7233,Agricultural and industrial machinery mechanics and repairers,49-9043,Maintenance Workers Machinery
7233,Agricultural and industrial machinery mechanics and repairers,49-9044,Millwrights
7233,Agricultural and industrial machinery mechanics and repairers,49-9045,Refractory Materials Repairers Except Brickmasons
7233,Agricultural and industrial machinery mechanics and repairers,49-9081,Wind Turbine Service Technicians
7234,Bicycle and related repairers,49-1011,First-Line Supervisors of Mechanics Installers and Repairers
7234,Bicycle and related repairers,49-3091 ,Bicycle Repairers
7311,Precision-instrument makers and repairers,49-1011,First-Line Supervisors of Mechanics Installers and Repairers
7311,Precision-instrument makers and repairers,49-9061 ,Camera and Photographic Equipment Repairers
7311,Precision-instrument makers and repairers,49-9062,Medical Equipment Repairers
7311,Precision-instrument makers and repairers,49-9064,Watch Repairers
7311,Precision-instrument makers and repairers,49-9069 ,Precision Instrument and Equipment Repairers All Other
7312,Musical instrument makers and tuners,49-1011,First-Line Supervisors of Mechanics Installers and Repairers
7312,Musical instrument makers and tuners,49-9063,Musical Instrument Repairers and Tuners
7313,Jewellery and precious-metal workers,51-9071,Jewelers and Precious Stone and Metal Workers
7314,Potters and related workers,27-1012 ,Craft Artists
7314,Potters and related workers,51-9195,Molders Shapers and Casters Except Metal and Plastic
7315,Glass makers cutters grinders and finishers,51-9022,Grinding and Polishing Workers Hand
7315,Glass makers cutters grinders and finishers,51-9031,Cutters and Trimmers Hand
7315,Glass makers cutters grinders and finishers,51-9195,Molders Shapers and Casters Except Metal and Plastic
7316,Sign writers decorative painters engravers and etchers,51-9123,Painting Coating and Decorating Workers
7316,Sign writers decorative painters engravers and etchers,51-9194,Etchers and Engravers
7317,Handicraft workers in wood basketry and related materials,27-1012 ,Craft Artists
7317,Handicraft workers in wood basketry and related materials,51-7099,Woodworkers All Other
7318,Handicraft workers in textile leather and related materials,51-6041,Shoe and Leather Workers and Repairers
7319,Handicraft workers not elsewhere classified,27-1012 ,Craft Artists
7321,Pre-press technicians,43-9031 ,Desktop Publishers
7321,Pre-press technicians,51-5111,Prepress Technicians and Workers
7322,Printers ,51-5112,Printing Press Operators
7323,Print finishing and binding workers,51-5113,Print Binding and Finishing Workers
7411,Building and related electricians,47-2111,Electricians
7411,Building and related electricians,47-2231,Solar Photovoltaic Installers
7412,Electrical mechanics and fitters,47-4021,Elevator Installers and Repairers
7412,Electrical mechanics and fitters,49-1011,First-Line Supervisors of Mechanics Installers and Repairers
7412,Electrical mechanics and fitters,49-2092,Electric Motor Power Tool and Related Repairers
7412,Electrical mechanics and fitters,49-2093,Electrical and Electronics Installers and Repairers Transportation Equipment
7412,Electrical mechanics and fitters,49-2094,Electrical and Electronics Repairers Commercial and Industrial Equipment
7412,Electrical mechanics and fitters,49-2095,Electrical and Electronics Repairers Powerhouse Substation and Relay
7412,Electrical mechanics and fitters,49-2096,Electronic Equipment Installers and Repairers Motor Vehicles
7412,Electrical mechanics and fitters,49-2098,Security and Fire Alarm Systems Installers
7412,Electrical mechanics and fitters,49-3053,Outdoor Power Equipment and Other Small Engine Mechanics
7412,Electrical mechanics and fitters,49-9011,Mechanical Door Repairers
7412,Electrical mechanics and fitters,49-9012,Control and Valve Installers and Repairers Except Mechanical Door
7412,Electrical mechanics and fitters,49-9031,Home Appliance Repairers
7412,Electrical mechanics and fitters,49-9097,Signal and Track Switch Repairers
7413,Electrical line installers and repairers ,49-1011,First-Line Supervisors of Mechanics Installers and Repairers
7413,Electrical line installers and repairers ,49-9051,Electrical Power-Line Installers and Repairers
7421,Electronics mechanics and servicers,49-1011,First-Line Supervisors of Mechanics Installers and Repairers
7421,Electronics mechanics and servicers,49-2011,Computer Automated Teller and Office Machine Repairers
7421,Electronics mechanics and servicers,49-2091,Avionics Technicians
7421,Electronics mechanics and servicers,49-2093,Electrical and Electronics Installers and Repairers Transportation Equipment
7421,Electronics mechanics and servicers,49-2094,Electrical and Electronics Repairers Commercial and Industrial Equipment
7421,Electronics mechanics and servicers,49-2095,Electrical and Electronics Repairers Powerhouse Substation and Relay
7421,Electronics mechanics and servicers,49-2096,Electronic Equipment Installers and Repairers Motor Vehicles
7422,Information and communications technology installers and servicers,49-1011,First-Line Supervisors of Mechanics Installers and Repairers
7422,Information and communications technology installers and servicers,49-2011,Computer Automated Teller and Office Machine Repairers
7422,Information and communications technology installers and servicers,49-2021,Radio Cellular and Tower Equipment Installers and Repairs
7422,Information and communications technology installers and servicers,49-2022,Telecommunications Equipment Installers and Repairers Except Line Installers
7422,Information and communications technology installers and servicers,49-2093,Electrical and Electronics Installers and Repairers Transportation Equipment
7422,Information and communications technology installers and servicers,49-9052,Telecommunications Line Installers and Repairers
7422 ,Information and communications technology installers and servicers,49-2097,Electronic Home Entertainment Equipment Installers and Repairers
7511,Butchers fishmongers and related food preparers,51-3021,Butchers and Meat Cutters
7511,Butchers fishmongers and related food preparers,51-3022,Meat Poultry and Fish Cutters and Trimmers
7511,Butchers fishmongers and related food preparers,51-3023,Slaughterers and Meat Packers
7511,Butchers fishmongers and related food preparers,51-3091 ,Food and Tobacco Roasting Baking and Drying Machine Operators and Tenders
7512,Bakers pastry-cooks and confectionery makers,51-3011,Bakers
7513,Dairy-products makers,51-3092 ,Food Batchmakers 
7513,Dairy-products makers,51-9012,Separating Filtering Clarifying Precipitating and Still Machine Setters Operators and Tenders
7514,Fruit vegetable and related preservers,51-3093,Food Cooking Machine Operators and Tenders
7514,Fruit vegetable and related preservers,51-3099,Food Processing Workers All Other
7515,Food and beverage tasters and graders,45-2011,Agricultural Inspectors
7515,Food and beverage tasters and graders,45-2041,Graders and Sorters Agricultural Products
7516,Tobacco preparers and tobacco products makers,45-2041,Graders and Sorters Agricultural Products
7516,Tobacco preparers and tobacco products makers,51-9041 ,Extruding Forming Pressing and Compacting Machine Setters Operators and Tenders
7516,Tobacco preparers and tobacco products makers,51-9195,Molders Shapers and Casters Except Metal and Plastic
7521,Wood treaters,51-9051 ,Furnace Kiln Oven Drier and Kettle Operators and Tenders
7521,Wood treaters,51-9191,Adhesive Bonding Machine Operators and Tenders
7522,Cabinet-makers and related workers,51-7011,Cabinetmakers and Bench Carpenters
7522,Cabinet-makers and related workers,51-7021,Furniture Finishers
7522,Cabinet-makers and related workers,51-7031,Model Makers Wood
7522,Cabinet-makers and related workers,51-7032 ,Patternmakers Wood
7523,Woodworking-machine tool setters and operators,51-7042,Woodworking Machine Setters Operators and Tenders Except Sawing
7531,Tailors dressmakers furriers and hatters,51-6052,Tailors Dressmakers and Custom Sewers
7532,Garment and related pattern-makers and cutters,51-6062,Textile Cutting Machine Setters Operators and Tenders
7532,Garment and related pattern-makers and cutters,51-6092,Fabric and Apparel Patternmakers
7532,Garment and related pattern-makers and cutters,51-9031,Cutters and Trimmers Hand
7533,Sewing embroidery and related workers,49-9093,Fabric Menders Except Garment
7533,Sewing embroidery and related workers,51-6041,Shoe and Leather Workers and Repairers
7533,Sewing embroidery and related workers,51-6051,Sewers Hand
7534,Upholsterers and related workers,51-6093,Upholsterers
7535,Pelt dressers tanners and fellmongers,45-2041,Graders and Sorters Agricultural Products
7535,Pelt dressers tanners and fellmongers,51-6099,Textile Apparel and Furnishings Workers All Other
7536,Shoemakers and related workers,51-6041,Shoe and Leather Workers and Repairers
7541,Underwater divers,49-9092,Commercial Divers
7542,Shotfirers and blasters,47-5031,Explosives Workers Ordnance Handling Experts and Blasters
7543,Product graders and testers (excluding foods and beverages),51-9061 ,Inspectors Testers Sorters Samplers and Weighers
7544,Fumigators and other pest and weed controllers,37-1012,First-line Supervisor of Landscaping Lawn Service and Groundskeeping Workers
7544,Fumigators and other pest and weed controllers,37-2021 ,Pest Control Workers
7544,Fumigators and other pest and weed controllers,37-3012 ,Pesticide Handlers Sprayers and Applicators Vegetation
7549,Craft and related workers not elsewhere classified,27-1023 ,Floral Designers
7549,Craft and related workers not elsewhere classified,51-9083 ,Ophthalmic Laboratory Technicians
8111,Miners and quarriers,47-5021,Earth Drillers Except Oil and Gas
8111,Miners and quarriers,47-5041,Continuous Mining Machine Operators
8111,Miners and quarriers,47-5042,Mine Cutting and Channeling Machine Operators
8111,Miners and quarriers,47-5049,Mining Machine Operators All Other
8111,Miners and quarriers,47-5051,Rock Splitters Quarry
8111,Miners and quarriers,47-5061,Roof Bolters Mining
8111,Miners and quarriers,53-7032,Excavating and Loading Machine and Dragline Operators
8111,Miners and quarriers,53-7033,Loading Machine Operators Underground Mining
8112,Mineral and stone processing plant operators,51-9021,Crushing Grinding and Polishing Machine Setters Operators and Tenders
8112,Mineral and stone processing plant operators,51-9192 ,Cleaning Washing and Metal Pickling Equipment Operators and Tenders
8113,Well drillers and borers and related workers,47-5011,Derrick Operators Oil and Gas
8113,Well drillers and borers and related workers,47-5012,Rotary Drill Operators Oil and Gas
8113,Well drillers and borers and related workers,47-5013,Service Unit Operators Oil Gas and Mining
8113,Well drillers and borers and related workers,47-5021,Earth Drillers Except Oil and Gas
8113,Well drillers and borers and related workers,47-5071,Roustabouts Oil and Gas
8113,Well drillers and borers and related workers,53-7073,Wellhead Pumpers
8114,Cement stone and other mineral products machine operators,51-8099,Plant and System Operators All Other
8114,Cement stone and other mineral products machine operators,51-9021 ,Crushing Grinding and Polishing Machine Setters Operators and Tenders
8114,Cement stone and other mineral products machine operators,51-9023,Mixing and Blending Machine Setters Operators and Tenders
8114,Cement stone and other mineral products machine operators,51-9032 ,Cutting and Slicing Machine Setters Operators and Tenders
8121,Metal processing plant operators,51-4021,Extruding and Drawing Machine Setters Operators and Tenders Metal and Plastic
8121,Metal processing plant operators,51-4023,Rolling Machine Setters Operators and Tenders Metal and Plastic
8121,Metal processing plant operators,51-4051,Metal-Refining Furnace Operators and Tenders
8121,Metal processing plant operators,51-4052 ,Pourers and Casters Metal
8121,Metal processing plant operators,51-4191,Heat Treating Equipment Setters Operators and Tenders Metal and Plastic
8122,Metal finishing plating and coating machine operators,51-4193,Plating and Coating Machine Setters Operators and Tenders Metal and Plastic
8122,Metal finishing plating and coating machine operators,51-9121,Coating Painting and Spraying Machine Setters Operators and Tenders
8122,Metal finishing plating and coating machine operators,51-9192 ,Cleaning Washing and Metal Pickling Equipment Operators and Tenders
8131,Chemical products plant and machine operators,51-9011,Chemical Equipment Operators and Tenders
8131,Chemical products plant and machine operators,51-9012,Separating Filtering Clarifying Precipitating and Still Machine Setters Operators and Tenders
8131,Chemical products plant and machine operators,51-9195 ,Molders Shapers and Casters Except Metal and Plastic
8132,Photographic products machine operators,51-9151,Photographic Process Workers and Processing Machine Operators
8141,Rubber products machine operators,51-9021 ,Crushing Grinding and Polishing Machine Setters Operators and Tenders
8141,Rubber products machine operators,51-9041,Extruding Forming Pressing and Compacting Machine Setters Operators and Tenders
8141,Rubber products machine operators,51-9051,Furnace Kiln Oven Drier and Kettle Operators and Tenders
8141,Rubber products machine operators,51-9195 ,Molders Shapers and Casters Except Metal and Plastic
8141,Rubber products machine operators,51-9197,Tire Builders
8142,Plastic products machine operators,51-2091,Fiberglass Laminators and Fabricators
8142,Plastic products machine operators,51-4021,Extruding and Drawing Machine Setters Operators and Tenders Metal and Plastic
8142,Plastic products machine operators,51-4022,Forging Machine Setters Operators and Tenders Metal and Plastic
8142,Plastic products machine operators,51-4023,Rolling Machine Setters Operators and Tenders Metal and Plastic
8142,Plastic products machine operators,51-4031 ,Cutting Punching and Press Machine Setters Operators and Tenders Metal and Plastic
8142,Plastic products machine operators,51-4032 ,Drilling and Boring Machine Tool Setters Operators and Tenders Metal and Plastic
8142,Plastic products machine operators,51-4033,Grinding Lapping Polishing and Buffing Machine Tool Setters Operators and Tenders Metal and Plastic
8142,Plastic products machine operators,51-4034 ,Lathe and Turning Machine Tool Setters Operators and Tenders Metal and Plastic
8142,Plastic products machine operators,51-4035 ,Milling and Planing Machine Setters Operators and Tenders Metal and Plastic
8142,Plastic products machine operators,51-4072 ,Molding Coremaking and Casting Machine Setters Operators and Tenders Metal and Plastic
8142,Plastic products machine operators,51-4191,Heat Treating Equipment Setters Operators and Tenders Metal and Plastic
8142,Plastic products machine operators,51-4193,Plating and Coating Machine Setters Operators and Tenders Metal and Plastic
8142,Plastic products machine operators,51-4199 ,Metal Workers and Plastic Workers All Other
8143,Paper products machine operators,51-9191,Adhesive Bonding Machine Operators and Tenders
8143,Paper products machine operators,51-9196 ,Paper Goods Machine Setters Operators and Tenders
8151,Fibre preparing spinning and winding machine operators,51-6064,Textile Winding Twisting and Drawing Out Machine Setters Operators and Tenders
8152,Weaving and knitting machine operators,51-6063,Textile Knitting and Weaving Machine Setters Operators and Tenders
8153,Sewing machine operators,51-6031 ,Sewing Machine Operators
8154,Bleaching dyeing and fabric cleaning machine operators,51-6061,Textile Bleaching and Dyeing Machine Operators and Tenders
8155,Fur and leather preparing machine operators,51-6099,Textile Apparel and Furnishings Workers All Other
8156,Shoemaking and related machine operators,51-6042,Shoe Machine Operators and Tenders
8157,Laundry machine operators,51-6011,Laundry and Dry-Cleaning Workers
8159,Textile fur and leather products machine operators not elsewhere classified,51-6099,Textile Apparel and Furnishings Workers All Other
8160,Food and related products machine operators,51-3091,Food and Tobacco Roasting Baking and Drying Machine Operators and Tenders
8160,Food and related products machine operators,51-3092,Food Batchmakers
8160,Food and related products machine operators,51-3093,Food Cooking Machine Operators and Tenders
8160,Food and related products machine operators,51-3099,Food Processing Workers All Other
8160,Food and related products machine operators,51-9041,Extruding Forming Pressing and Compacting Machine Setters Operators and Tenders
8160,Food and related products machine operators,51-9193,Cooling and Freezing Equipment Operators and Tenders
8171,Pulp and papermaking plant operators,51-9192,Cleaning Washing and Metal Pickling Equipment Operators and Tenders
8171,Pulp and papermaking plant operators,51-9196,Paper Goods Machine Setters Operators and Tenders
8172,Wood processing plant operators,51-7041,Sawing Machine Setters Operators and Tenders Wood
8181,Glass and ceramics plant operators,51-6091 ,Extruding and Forming Machine Setters Operators and Tenders Synthetic and Glass Fibers
8181,Glass and ceramics plant operators,51-9021 ,Crushing Grinding and Polishing Machine Setters Operators and Tenders
8181,Glass and ceramics plant operators,51-9023 ,Mixing and Blending Machine Setters Operators and Tenders
8181,Glass and ceramics plant operators,51-9041,Extruding Forming Pressing and Compacting Machine Setters Operators and Tenders
8181,Glass and ceramics plant operators,51-9051 ,Furnace Kiln Oven Drier and Kettle Operators and Tenders
8181,Glass and ceramics plant operators,51-9195,Molders Shapers and Casters Except Metal and Plastic
8182,Steam engine and boiler operators,51-8021,Stationary Engineers and Boiler Operators
8183,Packing bottling and labelling machine operators,51-9111,Packaging and Filling Machine Operators and Tenders
8189,Stationary plant and machine operators not elsewhere classified,51-9141,Semiconductor Processors
8189,Stationary plant and machine operators not elsewhere classified,51-9191,Adhesive Bonding Machine Operators and Tenders
8189,Stationary plant and machine operators not elsewhere classified,51-9193,Cooling and Freezing Equipment Operators and Tenders
8189,Stationary plant and machine operators not elsewhere classified,53-7011,Conveyor Operators and Tenders
8211,Mechanical machinery assemblers,51-2011,Aircraft Structure Surfaces Rigging and Systems Assemblers
8211,Mechanical machinery assemblers,51-2031,Engine and Other Machine Assemblers
8212,Electrical and electronic equipment assemblers,51-2021 ,Coil Winders Tapers and Finishers
8212,Electrical and electronic equipment assemblers,51-2022,Electrical and Electronic Equipment Assemblers
8212,Electrical and electronic equipment assemblers,51-2023,Electromechanical Equipment Assemblers
8212,Electrical and electronic equipment assemblers,51-2093,Timing Device Assemblers and Adjusters
8212,Electrical and electronic equipment assemblers,51-9194,Etchers and Engravers
8219,Assemblers not elsewhere classified,51-2092,Team Assemblers
8219,Assemblers not elsewhere classified,51-2099,Assemblers and Fabricators All Other
8311,Locomotive engine drivers,53-1031,First-Line Supervisors of Transportation and Material-Moving Machine and Vehicle Operators
8311,Locomotive engine drivers,53-4011,Locomotive Engineers
8311,Locomotive engine drivers,53-4012,Locomotive Firers
8311,Locomotive engine drivers,53-4013,Rail Yard Engineers Dinkey Operators and Hostlers
8311,Locomotive engine drivers,53-4041,Subway and Streetcar Operators
8311,Locomotive engine drivers,53-7111,Mine Shuttle Car Operators
8312,Railway brake signal and switch operators,53-1031,First-Line Supervisors of Transportation and Material-Moving Machine and Vehicle Operators
8312,Railway brake signal and switch operators,53-4021,Railroad Brake Signal and Switch Operators
8312,Railway brake signal and switch operators,53-4031,Railroad Conductors and Yardmasters
8312,Railway brake signal and switch operators,53-4099,Rail Transportation Workers All Other
8321,Motorcycle drivers,43-5021,Couriers and Messengers
8321,Motorcycle drivers,53-1031,First-Line Supervisors of Transportation and Material-Moving Machine and Vehicle Operators
8321,Motorcycle drivers,53-3099,Motor Vehicle Operators All Other
8322,Car taxi and van drivers,53-1031,First-Line Supervisors of Transportation and Material-Moving Machine and Vehicle Operators
8322,Car taxi and van drivers,53-3011,Ambulance Drivers and Attendants Except Emergency Medical Technicians
8322,Car taxi and van drivers,53-3031 ,Driver/Sales Workers
8322,Car taxi and van drivers,53-3033,Light Truck or Delivery Services Drivers
8322,Car taxi and van drivers,53-3041,Taxi Drivers and Chauffeurs
8331,Bus and tram drivers,53-1031,First-Line Supervisors of Transportation and Material-Moving Machine and Vehicle Operators
8331,Bus and tram drivers,53-3021,Bus Drivers Transit and Intercity 
8331,Bus and tram drivers,53-3022,Bus Drivers School or Special Client 
8331,Bus and tram drivers,53-4041,Subway and Streetcar Operators
8332,Heavy truck and lorry drivers,53-1031,First-Line Supervisors of Transportation and Material-Moving Machine and Vehicle Operators
8332,Heavy truck and lorry drivers,53-3032,Heavy and Tractor-Trailer Truck Drivers
8341,Mobile farm and forestry plant operators,45-2091,Agricultural Equipment Operators
8341,Mobile farm and forestry plant operators,45-4022,Logging Equipment Operators
8342,Earthmoving and related plant operators,47-2071,Paving Surfacing and Tamping Equipment Operators
8342,Earthmoving and related plant operators,47-2072,Pile-Driver Operators
8342,Earthmoving and related plant operators,47-2073,Operating Engineers and Other Construction Equipment Operators
8342,Earthmoving and related plant operators,53-7031,Dredge Operators
8342,Earthmoving and related plant operators,53-7032,Excavating and Loading Machine and Dragline Operators
8343,Crane hoist and related plant operators,39-3091 ,Amusement and Recreation Attendants
8343,Crane hoist and related plant operators,53-1031,First-Line Supervisors of Transportation and Material-Moving Machine and Vehicle Operators
8343,Crane hoist and related plant operators,53-6011,Bridge and Lock Tenders
8343,Crane hoist and related plant operators,53-7021,Crane and Tower Operators
8343,Crane hoist and related plant operators,53-7041,Hoist and Winch Operators
8344,Lifting truck operators,53-1031,First-Line Supervisors of Transportation and Material-Moving Machine and Vehicle Operators
8344,Lifting truck operators,53-7051 ,Industrial Truck and Tractor Operators
8350,Ships' deck crews and related workers,53-5011,Sailors and Marine Oilers
8350,Ships' deck crews and related workers,53-5022,Motorboat Operators
9111,Domestic cleaners and helpers,37-2012,Maids and Housekeeping Cleaners
9112,Cleaners and helpers in offices hotels and other establishments,37-2011,Janitors and Cleaners Except Maids and Housekeeping Cleaners
9112,Cleaners and helpers in offices hotels and other establishments,37-2012,Maids and Housekeeping Cleaners
9112,Cleaners and helpers in offices hotels and other establishments,53-7061,Cleaners of Vehicles and Equipment
9121,Hand launderers and pressers,51-6021,Pressers Textile Garment and Related Materials
9122,Vehicle cleaners,53-7061,Cleaners of Vehicles and Equipment
9123,Window cleaners,37-2011 ,Janitors and Cleaners Except Maids and Housekeeping Cleaners
9129,Other cleaning workers,37-2019,Building Cleaning Workers All Other
9129,Other cleaning workers,47-4071,Septic Tank Servicers and Sewer Pipe Cleaners
9211,Crop farm labourers,45-2092,Farmworkers and Laborers Crop Nursery and Greenhouse
9211,Crop farm labourers,45-2099,Agricultural Workers All Other
9212,Livestock farm labourers,45-2093,Farmworkers Farm Ranch and Aquacultural Animals
9212,Livestock farm labourers,45-2099,Agricultural Workers All Other
9213,Mixed crop and livestock farm labourers,45-2092,Farmworkers and Laborers Crop Nursery and Greenhouse
9213,Mixed crop and livestock farm labourers,45-2093,Farmworkers Farm Ranch and Aquacultural Animals
9213,Mixed crop and livestock farm labourers,45-2099,Agricultural Workers All Other
9214,Garden and horticultural labourers,37-3011,Landscaping and Groundskeeping Workers
9214,Garden and horticultural labourers,37-3019,Grounds Maintenance Workers All Other
9214,Garden and horticultural labourers,45-2092,Farmworkers and Laborers Crop Nursery and Greenhouse
9215,Forestry labourers,45-4011 ,Forest and Conservation Workers
9215,Forestry labourers,45-4029 ,Logging Workers All Other
9216,Fishery and aquaculture labourers,45-2093,Farmworkers Farm Ranch and Aquacultural Animals
9216,Fishery and aquaculture labourers,45-3011,Fishers and Related Fishing Workers
9311,Mining and quarrying labourers,47-5081,Helpers--Extraction Workers
9311,Mining and quarrying labourers,47-5099,Extraction Workers All Other
9312,Civil engineering labourers,47-3019,Helpers Construction Trades All Other
9312,Civil engineering labourers,47-4051,Highway Maintenance Workers
9312,Civil engineering labourers,47-4061,Rail-Track Laying and Maintenance Equipment Operators
9313,Building construction labourers,47-2061,Construction Laborers
9313,Building construction labourers,47-3011,Helpers--Brickmasons Blockmasons Stonemasons and Tile and Marble Setters
9313,Building construction labourers,47-3012,Helpers--Carpenters
9313,Building construction labourers,47-3013,Helpers--Electricians
9313,Building construction labourers,47-3014,Helpers--Painters Paperhangers Plasterers and Stucco Masons
9313,Building construction labourers,47-3015,Helpers--Pipelayers Plumbers Pipefitters and Steamfitters
9313,Building construction labourers,47-3016,Helpers--Roofers
9313,Building construction labourers,47-3019,Helpers Construction Trades All Other
9321,Hand packers,53-7064,Packers and Packagers Hand
9329,Manufacturing labourers not elsewhere classified,51-9198,Helpers--Production Workers
9329,Manufacturing labourers not elsewhere classified,51-9199,Production Workers All Other
9329,Manufacturing labourers not elsewhere classified,53-7062,Laborers and Freight Stock and Material Movers Hand
9329,Manufacturing labourers not elsewhere classified,53-7063,Machine Feeders and Offbearers
9331,Hand and pedal vehicle drivers,43-5021,Couriers and Messengers
9331,Hand and pedal vehicle drivers,53-6099,Transportation Workers All Other
9331,Hand and pedal vehicle drivers,53-7199,Material Moving Workers All Other
9332,Drivers of animal-drawn vehicles and machinery,53-6099,Transportation Workers All Other
9332,Drivers of animal-drawn vehicles and machinery,53-7199,Material Moving Workers All Other
9333,Freight handlers,53-1011,Aircraft Cargo Handling Supervisors
9333,Freight handlers,53-1021,First-Line Supervisors of Helpers Laborers and Material Movers Hand
9333,Freight handlers,53-7062,Laborers and Freight Stock and Material Movers Hand
9333,Freight handlers,53-7121,Tank Car Truck and Ship Loaders
9334,Shelf fillers,43-5081 ,Stock Clerks and Order Fillers
9411,Fast food preparers,35-2011,Cooks Fast Food
9411,Fast food preparers,35-2015,Cooks Short Order
9412,Kitchen helpers,35-2021,Food Preparation Workers
9412,Kitchen helpers,35-9011 ,Dining Room and Cafeteria Attendants and Bartender Helpers
9412,Kitchen helpers,35-9021,Dishwashers
9412,Kitchen helpers,35-9099 ,Food Preparation and Serving Related Workers All Other
9510,Street and related service workers,39-9099,Personal Care and Service Workers All Other
9520,Street vendors (excluding food),41-9091,Door-to-Door Sales Workers News and Street Vendors and Related Workers
9611,Garbage and recycling collectors,53-1031,First-Line Supervisors of Transportation and Material-Moving Machine and Vehicle Operators
9611,Garbage and recycling collectors,53-7081,Refuse and Recyclable Material Collectors
9612,Refuse sorters,53-7081,Refuse and Recyclable Material Collectors
9613,Sweepers and related labourers,37-3019,Grounds Maintenance Workers All Other
9621,Messengers package deliverers and luggage porters,39-6011,Baggage Porters and Bellhops
9621,Messengers package deliverers and luggage porters,43-5021,Couriers and Messengers
9622,Odd job persons,37-3019,Grounds Maintenance Workers All Other
9622,Odd job persons,49-9071 ,Maintenance and Repair Workers General
9622,Odd job persons,49-9098,Helpers--Installation Maintenance and Repair Workers
9622,Odd job persons,49-9099 ,Installation Maintenance and Repair Workers All Other
9623,Meter readers and vending-machine collectors,43-5041,Meter Readers Utilities
9623,Meter readers and vending-machine collectors,49-9091,Coin Vending and Amusement Machine Servicers and Repairers
9624,Water and firewood collectors,53-7062,Laborers and Freight Stock and Material Movers Hand
9629,Elementary workers not elsewhere classified,39-3021,Motion Picture Projectionists
9629,Elementary workers not elsewhere classified,39-3031,Ushers Lobby Attendants and Ticket Takers
9629,Elementary workers not elsewhere classified,39-3091 ,Amusement and Recreation Attendants
9629,Elementary workers not elsewhere classified,39-3093 ,Locker Room Coatroom and Dressing Room Attendants
9629,Elementary workers not elsewhere classified,53-6021,Parking Lot Attendants
